2026-02-15 15:44:19,338 - INFO - Found 0 existing transistors
2026-02-15 15:44:19,338 - INFO - 
============================================================
2026-02-15 15:44:19,339 - INFO - Processing source: /home/tinix/claude_wsl/transistordatabase/database
2026-02-15 15:44:19,339 - INFO - ============================================================
2026-02-15 15:44:19,340 - ERROR - Failed to migrate /home/tinix/claude_wsl/transistordatabase/database/Fuji_2MBI600XEE065-50.json: No transistor ID found in converted data
2026-02-15 15:44:19,342 - ERROR - Failed to migrate /home/tinix/claude_wsl/transistordatabase/database/CREE_C3M0120065J.json: No transistor ID found in converted data
2026-02-15 15:44:19,343 - ERROR - Failed to migrate /home/tinix/claude_wsl/transistordatabase/database/CREE_C3M0016120K.json: No transistor ID found in converted data
2026-02-15 15:44:19,344 - ERROR - Failed to migrate /home/tinix/claude_wsl/transistordatabase/database/Fuji_2MBI400U2B-060.json: No transistor ID found in converted data
2026-02-15 15:44:19,345 - ERROR - Failed to migrate /home/tinix/claude_wsl/transistordatabase/database/UnitedSiC_UF3SC065007K4S.json: No transistor ID found in converted data
2026-02-15 15:44:19,347 - ERROR - Failed to migrate /home/tinix/claude_wsl/transistordatabase/database/Fuji_2MBI300XBE065-50.json: No transistor ID found in converted data
2026-02-15 15:44:19,348 - ERROR - Failed to migrate /home/tinix/claude_wsl/transistordatabase/database/Fuji_2MBI100XAA120-50.json: No transistor ID found in converted data
2026-02-15 15:44:19,349 - ERROR - Failed to migrate /home/tinix/claude_wsl/transistordatabase/database/Mitsubishi_CM200DY-24T.json: No transistor ID found in converted data
2026-02-15 15:44:19,403 - ERROR - Failed to migrate /home/tinix/claude_wsl/transistordatabase/database/GaNSystems_GS66506T.json: No transistor ID found in converted data
2026-02-15 15:44:19,404 - ERROR - Failed to migrate /home/tinix/claude_wsl/transistordatabase/database/Rohm_SCT3060AW7.json: No transistor ID found in converted data
2026-02-15 15:44:19,405 - ERROR - Failed to migrate /home/tinix/claude_wsl/transistordatabase/database/Infineon_FF300R12KE3.json: No transistor ID found in converted data
2026-02-15 15:44:19,405 - ERROR - Failed to migrate /home/tinix/claude_wsl/transistordatabase/database/Infineon_FF200R12KE3.json: No transistor ID found in converted data
2026-02-15 15:44:19,407 - ERROR - Failed to migrate /home/tinix/claude_wsl/transistordatabase/database/Infineon_IPBE65R050CFD7A.json: No transistor ID found in converted data
2026-02-15 15:44:19,408 - ERROR - Failed to migrate /home/tinix/claude_wsl/transistordatabase/database/Fuji_2MBI200XAA065-50.json: No transistor ID found in converted data
2026-02-15 15:44:19,409 - ERROR - Failed to migrate /home/tinix/claude_wsl/transistordatabase/database/Semikron_SKM400GB12T4.json: No transistor ID found in converted data
2026-02-15 15:44:19,704 - ERROR - Failed to migrate /home/tinix/claude_wsl/transistordatabase/database/ROHMSemiconductor_SCT3120AW7.json: No transistor ID found in converted data
2026-02-15 15:44:19,706 - ERROR - Failed to migrate /home/tinix/claude_wsl/transistordatabase/database/CREE_C3M0065100J.json: No transistor ID found in converted data
2026-02-15 15:44:19,707 - ERROR - Failed to migrate /home/tinix/claude_wsl/transistordatabase/database/CREE_C3M0120100J.json: No transistor ID found in converted data
2026-02-15 15:44:19,761 - ERROR - Failed to migrate /home/tinix/claude_wsl/transistordatabase/database/Infineon_IPW65R090CFD7.json: No transistor ID found in converted data
2026-02-15 15:44:19,763 - ERROR - Failed to migrate /home/tinix/claude_wsl/transistordatabase/database/CREE_CAB530M12BM3.json: No transistor ID found in converted data
2026-02-15 15:44:19,764 - ERROR - Failed to migrate /home/tinix/claude_wsl/transistordatabase/database/Fuji_2MBI300XBE120-50.json: No transistor ID found in converted data
2026-02-15 15:44:19,764 - ERROR - Failed to migrate /home/tinix/claude_wsl/transistordatabase/database/Fuji_2MBI200XBE120-50.json: No transistor ID found in converted data
2026-02-15 15:44:19,765 - ERROR - Failed to migrate /home/tinix/claude_wsl/transistordatabase/database/CREE_WAB300M12BM3.json: No transistor ID found in converted data
2026-02-15 15:44:19,766 - ERROR - Failed to migrate /home/tinix/claude_wsl/transistordatabase/database/Fuji_2MBI400XBE065-50.json: No transistor ID found in converted data
2026-02-15 15:44:19,766 - INFO - Completed directory: 24 files processed
2026-02-15 15:44:19,766 - INFO - 
============================================================
2026-02-15 15:44:19,766 - INFO - Processing source: /home/tinix/claude_wsl/file_exchange
2026-02-15 15:44:19,766 - INFO - ============================================================
2026-02-15 15:44:19,768 - ERROR - Failed to migrate /home/tinix/claude_wsl/file_exchange/Si-MOSFET/650V/Infineon_IPBE65R050CFD7A.json: No transistor ID found in converted data
2026-02-15 15:44:19,799 - ERROR - Failed to migrate /home/tinix/claude_wsl/file_exchange/Si-MOSFET/650V/Infineon_IPW65R090CFD7.json: No transistor ID found in converted data
2026-02-15 15:44:19,800 - ERROR - Failed to migrate /home/tinix/claude_wsl/file_exchange/IGBT/1200V/Fuji_2MBI100XAA120-50.json: No transistor ID found in converted data
2026-02-15 15:44:19,801 - ERROR - Failed to migrate /home/tinix/claude_wsl/file_exchange/IGBT/1200V/Mitsubishi_CM200DY-24T.json: No transistor ID found in converted data
2026-02-15 15:44:19,801 - ERROR - Failed to migrate /home/tinix/claude_wsl/file_exchange/IGBT/1200V/Infineon_FF300R12KE3.json: No transistor ID found in converted data
2026-02-15 15:44:19,802 - ERROR - Failed to migrate /home/tinix/claude_wsl/file_exchange/IGBT/1200V/Infineon_FF200R12KE3.json: No transistor ID found in converted data
2026-02-15 15:44:19,802 - ERROR - Failed to migrate /home/tinix/claude_wsl/file_exchange/IGBT/1200V/Semikron_SKM400GB12T4.json: No transistor ID found in converted data
2026-02-15 15:44:19,803 - ERROR - Failed to migrate /home/tinix/claude_wsl/file_exchange/IGBT/1200V/Fuji_2MBI300XBE120-50.json: No transistor ID found in converted data
2026-02-15 15:44:19,803 - ERROR - Failed to migrate /home/tinix/claude_wsl/file_exchange/IGBT/1200V/Fuji_2MBI200XBE120-50.json: No transistor ID found in converted data
2026-02-15 15:44:19,804 - ERROR - Failed to migrate /home/tinix/claude_wsl/file_exchange/IGBT/650V/Fuji_2MBI600XEE065-50.json: No transistor ID found in converted data
2026-02-15 15:44:19,805 - ERROR - Failed to migrate /home/tinix/claude_wsl/file_exchange/IGBT/650V/Fuji_2MBI400U2B-060.json: No transistor ID found in converted data
2026-02-15 15:44:19,806 - ERROR - Failed to migrate /home/tinix/claude_wsl/file_exchange/IGBT/650V/Fuji_2MBI300XBE065-50.json: No transistor ID found in converted data
2026-02-15 15:44:19,806 - ERROR - Failed to migrate /home/tinix/claude_wsl/file_exchange/IGBT/650V/Fuji_2MBI200XAA065-50.json: No transistor ID found in converted data
2026-02-15 15:44:19,807 - ERROR - Failed to migrate /home/tinix/claude_wsl/file_exchange/IGBT/650V/Fuji_2MBI400XBE065-50.json: No transistor ID found in converted data
2026-02-15 15:44:19,808 - ERROR - Failed to migrate /home/tinix/claude_wsl/file_exchange/SiC-MOSFET/1200V/CREE_C3M0016120K.json: No transistor ID found in converted data
2026-02-15 15:44:19,808 - ERROR - Failed to migrate /home/tinix/claude_wsl/file_exchange/SiC-MOSFET/1200V/CREE_CAB530M12BM3.json: No transistor ID found in converted data
2026-02-15 15:44:19,809 - ERROR - Failed to migrate /home/tinix/claude_wsl/file_exchange/SiC-MOSFET/1200V/CREE_WAB300M12BM3.json: No transistor ID found in converted data
2026-02-15 15:44:19,810 - ERROR - Failed to migrate /home/tinix/claude_wsl/file_exchange/SiC-MOSFET/650V/CREE_C3M0060065J.json: No transistor ID found in converted data
2026-02-15 15:44:19,811 - ERROR - Failed to migrate /home/tinix/claude_wsl/file_exchange/SiC-MOSFET/650V/CREE_C3M0120065J.json: No transistor ID found in converted data
2026-02-15 15:44:19,811 - ERROR - Failed to migrate /home/tinix/claude_wsl/file_exchange/SiC-MOSFET/650V/UnitedSiC_UF3SC065007K4S.json: No transistor ID found in converted data
2026-02-15 15:44:19,956 - ERROR - Failed to migrate /home/tinix/claude_wsl/file_exchange/SiC-MOSFET/650V/ROHMSemiconductor_SCT3120AW7.json: No transistor ID found in converted data
2026-02-15 15:44:19,957 - ERROR - Failed to migrate /home/tinix/claude_wsl/file_exchange/SiC-MOSFET/650V/ROHMSemiconductor_SCT3060AW7.json: No transistor ID found in converted data
2026-02-15 15:44:19,958 - ERROR - Failed to migrate /home/tinix/claude_wsl/file_exchange/SiC-MOSFET/1000V/CREE_C3M0065100J.json: No transistor ID found in converted data
2026-02-15 15:44:19,959 - ERROR - Failed to migrate /home/tinix/claude_wsl/file_exchange/SiC-MOSFET/1000V/CREE_C3M0120100J.json: No transistor ID found in converted data
2026-02-15 15:44:19,979 - ERROR - Failed to migrate /home/tinix/claude_wsl/file_exchange/GaN/650V/GaNSystems_GS66506T.json: No transistor ID found in converted data
2026-02-15 15:44:19,981 - INFO - Completed directory: 49 files processed
2026-02-15 15:44:19,981 - INFO - 
============================================================
2026-02-15 15:44:19,981 - INFO - Processing source: /home/tinix/claude_wsl/archive_ntbees2/sc
2026-02-15 15:44:19,981 - INFO - ============================================================
2026-02-15 15:44:19,993 - INFO - Processed 50 files...
2026-02-15 15:44:20,020 - WARNING - Duplicate found: Eloss_DoublePulseTester_EPC8009_sync (existing: 32.3%, new: 32.3%)
2026-02-15 15:44:20,051 - ERROR - Failed to migrate /home/tinix/claude_wsl/archive_ntbees2/sc/db/example_wpd/C2M0080120D_idvgs.json: No transistor ID found in converted data
2026-02-15 15:44:20,053 - WARNING - Duplicate found: C2M0080120D_idvgs25 (existing: 19.4%, new: 19.4%)
2026-02-15 15:44:20,074 - WARNING - Duplicate found: Infineon_IGB20N60H3 (existing: 19.4%, new: 19.4%)
2026-02-15 15:44:20,081 - WARNING - Duplicate found: Infineon_IGA30N60H3 (existing: 19.4%, new: 19.4%)
2026-02-15 15:44:20,082 - WARNING - Duplicate found: Infineon_IKW50N60DTP (existing: 19.4%, new: 19.4%)
2026-02-15 15:44:20,084 - WARNING - Duplicate found: Infineon_IKP20N60TA (existing: 19.4%, new: 19.4%)
2026-02-15 15:44:20,085 - WARNING - Duplicate found: Infineon_IKW20N60TA (existing: 19.4%, new: 19.4%)
2026-02-15 15:44:20,089 - WARNING - Duplicate found: Infineon_IKW15N120H3 (existing: 19.4%, new: 19.4%)
2026-02-15 15:44:20,089 - INFO - Processed 100 files...
2026-02-15 15:44:20,093 - WARNING - Duplicate found: Infineon_IKW30N60TA (existing: 19.4%, new: 19.4%)
2026-02-15 15:44:20,097 - WARNING - Duplicate found: Infineon_IGP10N60T (existing: 19.4%, new: 19.4%)
2026-02-15 15:44:20,104 - WARNING - Duplicate found: Infineon_IGB30N60T (existing: 19.4%, new: 19.4%)
2026-02-15 15:44:20,106 - WARNING - Duplicate found: Infineon_IGW100N60H3 (existing: 19.4%, new: 19.4%)
2026-02-15 15:44:20,106 - WARNING - Duplicate found: Infineon_IGP20N60H3 (existing: 19.4%, new: 19.4%)
2026-02-15 15:44:20,107 - WARNING - Duplicate found: Infineon_IGP50N60T (existing: 19.4%, new: 19.4%)
2026-02-15 15:44:20,110 - WARNING - Duplicate found: Infineon_IKW50N65H5 (existing: 19.4%, new: 19.4%)
2026-02-15 15:44:20,111 - WARNING - Duplicate found: Infineon_IKW50N60TA (existing: 19.4%, new: 19.4%)
2026-02-15 15:44:20,111 - WARNING - Duplicate found: Infineon_IGW25N120H3 (existing: 19.4%, new: 19.4%)
2026-02-15 15:44:20,113 - WARNING - Duplicate found: Infineon_IKW75N60T (existing: 19.4%, new: 19.4%)
2026-02-15 15:44:20,113 - WARNING - Duplicate found: Infineon_IKP04N60T (existing: 19.4%, new: 19.4%)
2026-02-15 15:44:20,114 - WARNING - Duplicate found: Infineon_IGW25N120H3 (existing: 19.4%, new: 19.4%)
2026-02-15 15:44:20,116 - WARNING - Duplicate found: Infineon_IGW50N60T (existing: 19.4%, new: 19.4%)
2026-02-15 15:44:20,118 - WARNING - Duplicate found: Infineon_IGW30N60T (existing: 19.4%, new: 19.4%)
2026-02-15 15:44:20,118 - INFO - Processed 150 files...
2026-02-15 15:44:20,121 - WARNING - Duplicate found: Infineon_IKQ50N120CH3 (existing: 19.4%, new: 19.4%)
2026-02-15 15:44:20,122 - WARNING - Duplicate found: Infineon_IKP20N60H3 (existing: 19.4%, new: 19.4%)
2026-02-15 15:44:20,125 - WARNING - Duplicate found: Infineon_IKW60N60H3 (existing: 19.4%, new: 19.4%)
2026-02-15 15:44:20,126 - WARNING - Duplicate found: Infineon_IKFW50N60DH3E (existing: 19.4%, new: 19.4%)
2026-02-15 15:44:20,134 - WARNING - Duplicate found: Infineon_IKFW40N60DH3E (existing: 19.4%, new: 19.4%)
2026-02-15 15:44:20,135 - WARNING - Duplicate found: Infineon_IKB15N60T (existing: 19.4%, new: 19.4%)
2026-02-15 15:44:20,135 - WARNING - Duplicate found: Infineon_IKW25N120T2 (existing: 19.4%, new: 19.4%)
2026-02-15 15:44:20,137 - WARNING - Duplicate found: Infineon_IKW75N60H3 (existing: 19.4%, new: 19.4%)
2026-02-15 15:44:20,138 - WARNING - Duplicate found: Infineon_IKW15N120T2 (existing: 19.4%, new: 19.4%)
2026-02-15 15:44:20,139 - WARNING - Duplicate found: Infineon_IKD03N60RF (existing: 19.4%, new: 19.4%)
2026-02-15 15:44:20,140 - WARNING - Duplicate found: Infineon_IGW50N60TP (existing: 19.4%, new: 19.4%)
2026-02-15 15:44:20,140 - WARNING - Duplicate found: Infineon_IGW50N60H3 (existing: 19.4%, new: 19.4%)
2026-02-15 15:44:20,141 - WARNING - Duplicate found: Infineon_IGU04N60T (existing: 19.4%, new: 19.4%)
2026-02-15 15:44:20,142 - WARNING - Duplicate found: Infineon_IKW50N60H3 (existing: 19.4%, new: 19.4%)
2026-02-15 15:44:20,142 - WARNING - Duplicate found: Infineon_IKB20N60T (existing: 19.4%, new: 19.4%)
2026-02-15 15:44:20,143 - WARNING - Duplicate found: Infineon_IKW15T120 (existing: 19.4%, new: 19.4%)
2026-02-15 15:44:20,143 - WARNING - Duplicate found: Infineon_IKFW50N60DH3 (existing: 19.4%, new: 19.4%)
2026-02-15 15:44:20,145 - WARNING - Duplicate found: Infineon_IKB40N65ES5 (existing: 19.4%, new: 19.4%)
2026-02-15 15:44:20,147 - WARNING - Duplicate found: Infineon_IGW08T120 (existing: 19.4%, new: 19.4%)
2026-02-15 15:44:20,148 - WARNING - Duplicate found: Infineon_IKW40N120H3 (existing: 19.4%, new: 19.4%)
2026-02-15 15:44:20,148 - WARNING - Duplicate found: Infineon_IKQ40N120CH3 (existing: 19.4%, new: 19.4%)
2026-02-15 15:44:20,149 - WARNING - Duplicate found: Infineon_IGW75N60H3 (existing: 19.4%, new: 19.4%)
2026-02-15 15:44:20,149 - WARNING - Duplicate found: Infineon_IGW25N120H3 (existing: 19.4%, new: 19.4%)
2026-02-15 15:44:20,150 - WARNING - Duplicate found: Infineon_IKFW75N60ET (existing: 19.4%, new: 19.4%)
2026-02-15 15:44:20,150 - INFO - Processed 200 files...
2026-02-15 15:44:20,151 - WARNING - Duplicate found: Infineon_IKW15T120 (existing: 19.4%, new: 19.4%)
2026-02-15 15:44:20,151 - WARNING - Duplicate found: Infineon_IKQ75N120CT2 (existing: 19.4%, new: 19.4%)
2026-02-15 15:44:20,152 - WARNING - Duplicate found: Infineon_IGD06N60T (existing: 19.4%, new: 19.4%)
2026-02-15 15:44:20,152 - WARNING - Duplicate found: Infineon_IKW40N65ES5 (existing: 19.4%, new: 19.4%)
2026-02-15 15:44:20,153 - WARNING - Duplicate found: Infineon_IGP30N60H3 (existing: 19.4%, new: 19.4%)
2026-02-15 15:44:20,155 - WARNING - Duplicate found: Infineon_IGW30N60H3 (existing: 19.4%, new: 19.4%)
2026-02-15 15:44:20,156 - WARNING - Duplicate found: Infineon_IKQ40N120CT2 (existing: 19.4%, new: 19.4%)
2026-02-15 15:44:20,157 - WARNING - Duplicate found: Infineon_IGW25T120 (existing: 19.4%, new: 19.4%)
2026-02-15 15:44:20,158 - WARNING - Duplicate found: Infineon_IKP15N60T (existing: 19.4%, new: 19.4%)
2026-02-15 15:44:20,158 - WARNING - Duplicate found: Infineon_IKA10N60T (existing: 19.4%, new: 19.4%)
2026-02-15 15:44:20,159 - WARNING - Duplicate found: Infineon_IKW40N120T2_v2 (existing: 19.4%, new: 19.4%)
2026-02-15 15:44:20,160 - WARNING - Duplicate found: Infineon_IGW15N120H3 (existing: 19.4%, new: 19.4%)
2026-02-15 15:44:20,160 - WARNING - Duplicate found: Infineon_IKW50N60T (existing: 19.4%, new: 19.4%)
2026-02-15 15:44:20,161 - WARNING - Duplicate found: Infineon_IGB15N60T (existing: 19.4%, new: 19.4%)
2026-02-15 15:44:20,162 - WARNING - Duplicate found: Infineon_IKW40N120T2 (existing: 19.4%, new: 19.4%)
2026-02-15 15:44:20,162 - WARNING - Duplicate found: Infineon_IKY75N120CH3 (existing: 19.4%, new: 19.4%)
2026-02-15 15:44:20,163 - WARNING - Duplicate found: Infineon_IKW30N60T (existing: 19.4%, new: 19.4%)
2026-02-15 15:44:20,163 - WARNING - Duplicate found: Infineon_IKW15N65H5 (existing: 19.4%, new: 19.4%)
2026-02-15 15:44:20,165 - WARNING - Duplicate found: Infineon_IKW20N60T (existing: 19.4%, new: 19.4%)
2026-02-15 15:44:20,166 - WARNING - Duplicate found: Infineon_IGB50N60T (existing: 19.4%, new: 19.4%)
2026-02-15 15:44:20,167 - WARNING - Duplicate found: Infineon_IKU04N60T (existing: 19.4%, new: 19.4%)
2026-02-15 15:44:20,168 - WARNING - Duplicate found: Infineon_IKB30N65ES5 (existing: 19.4%, new: 19.4%)
2026-02-15 15:44:20,169 - WARNING - Duplicate found: Infineon_IKQ50N120CT2 (existing: 19.4%, new: 19.4%)
2026-02-15 15:44:20,169 - WARNING - Duplicate found: Infineon_IKFW60N60EH3 (existing: 19.4%, new: 19.4%)
2026-02-15 15:44:20,170 - WARNING - Duplicate found: Infineon_IKB20N60H3 (existing: 19.4%, new: 19.4%)
2026-02-15 15:44:20,170 - WARNING - Duplicate found: Infineon_IKQ120N60T (existing: 19.4%, new: 19.4%)
2026-02-15 15:44:20,171 - WARNING - Duplicate found: Infineon_IKY50N120CH3 (existing: 19.4%, new: 19.4%)
2026-02-15 15:44:20,172 - WARNING - Duplicate found: Infineon_IGB10N60T (existing: 19.4%, new: 19.4%)
2026-02-15 15:44:20,173 - WARNING - Duplicate found: Infineon_IKA15N60T (existing: 19.4%, new: 19.4%)
2026-02-15 15:44:20,173 - WARNING - Duplicate found: Infineon_IKFW50N60ET (existing: 19.4%, new: 19.4%)
2026-02-15 15:44:20,174 - WARNING - Duplicate found: Infineon_IKP06N60T (existing: 19.4%, new: 19.4%)
2026-02-15 15:44:20,175 - WARNING - Duplicate found: Infineon_IKY40N120CH3 (existing: 19.4%, new: 19.4%)
2026-02-15 15:44:20,176 - WARNING - Duplicate found: Infineon_IKQ75N120CH3 (existing: 19.4%, new: 19.4%)
2026-02-15 15:44:20,177 - WARNING - Duplicate found: Infineon_IKW40N60H3 (existing: 19.4%, new: 19.4%)
2026-02-15 15:44:20,178 - WARNING - Duplicate found: Infineon_IKI04N60T (existing: 19.4%, new: 19.4%)
2026-02-15 15:44:20,179 - WARNING - Duplicate found: Infineon_IGW20N60H3 (existing: 19.4%, new: 19.4%)
2026-02-15 15:44:20,180 - WARNING - Duplicate found: Infineon_IGP15N60T (existing: 19.4%, new: 19.4%)
2026-02-15 15:44:20,180 - INFO - Processed 250 files...
2026-02-15 15:44:20,181 - WARNING - Duplicate found: Infineon_IKW30N60H3 (existing: 19.4%, new: 19.4%)
2026-02-15 15:44:20,181 - WARNING - Duplicate found: Infineon_IKW30N60DTP (existing: 19.4%, new: 19.4%)
2026-02-15 15:44:20,182 - WARNING - Duplicate found: Infineon_IGW60T120 (existing: 19.4%, new: 19.4%)
2026-02-15 15:44:20,183 - WARNING - Duplicate found: Infineon_IKA08N65ET6 (existing: 19.4%, new: 19.4%)
2026-02-15 15:44:20,184 - WARNING - Duplicate found: Infineon_IKQ100N60T (existing: 19.4%, new: 19.4%)
2026-02-15 15:44:20,184 - WARNING - Duplicate found: Infineon_IGW40T120 (existing: 19.4%, new: 19.4%)
2026-02-15 15:44:20,185 - WARNING - Duplicate found: Infineon_IKB10N60T (existing: 19.4%, new: 19.4%)
2026-02-15 15:44:20,186 - WARNING - Duplicate found: Infineon_IKW20N60H3 (existing: 19.4%, new: 19.4%)
2026-02-15 15:44:20,186 - WARNING - Duplicate found: Infineon_IKB20N60TA (existing: 19.4%, new: 19.4%)
2026-02-15 15:44:20,187 - WARNING - Duplicate found: Infineon_IKA10N65ET6 (existing: 19.4%, new: 19.4%)
2026-02-15 15:44:20,188 - WARNING - Duplicate found: Infineon_IGW40N60TP (existing: 19.4%, new: 19.4%)
2026-02-15 15:44:20,188 - WARNING - Duplicate found: Infineon_IKFW90N60EH3 (existing: 19.4%, new: 19.4%)
2026-02-15 15:44:20,189 - WARNING - Duplicate found: Infineon_IKW40N65H5 (existing: 19.4%, new: 19.4%)
2026-02-15 15:44:20,190 - WARNING - Duplicate found: Infineon_IKW40N60DTP (existing: 19.4%, new: 19.4%)
2026-02-15 15:44:20,190 - WARNING - Duplicate found: Infineon_IKP20N60T (existing: 19.4%, new: 19.4%)
2026-02-15 15:44:20,191 - WARNING - Duplicate found: Infineon_IKW08T120 (existing: 19.4%, new: 19.4%)
2026-02-15 15:44:20,192 - WARNING - Duplicate found: Infineon_IKB06N60T (existing: 19.4%, new: 19.4%)
2026-02-15 15:44:20,193 - WARNING - Duplicate found: Infineon_IKW30N65ES5 (existing: 19.4%, new: 19.4%)
2026-02-15 15:44:20,194 - WARNING - Duplicate found: Infineon_IKFW60N60DH3E (existing: 19.4%, new: 19.4%)
2026-02-15 15:44:20,194 - WARNING - Duplicate found: Infineon_IGW75N60T (existing: 19.4%, new: 19.4%)
2026-02-15 15:44:20,195 - WARNING - Duplicate found: Infineon_IGW30N60TP (existing: 19.4%, new: 19.4%)
2026-02-15 15:44:20,196 - WARNING - Duplicate found: Infineon_IGW60N60H3 (existing: 19.4%, new: 19.4%)
2026-02-15 15:44:20,196 - WARNING - Duplicate found: Infineon_IKA06N60T (existing: 19.4%, new: 19.4%)
2026-02-15 15:44:20,197 - WARNING - Duplicate found: Infineon_IKW75N60TA (existing: 19.4%, new: 19.4%)
2026-02-15 15:44:20,197 - WARNING - Duplicate found: Infineon_IGW40N60H3 (existing: 19.4%, new: 19.4%)
2026-02-15 15:44:20,198 - WARNING - Duplicate found: Infineon_IKW08N65H5 (existing: 19.4%, new: 19.4%)
2026-02-15 15:44:20,199 - WARNING - Duplicate found: Infineon_IGW15T120 (existing: 19.4%, new: 19.4%)
2026-02-15 15:44:20,199 - WARNING - Duplicate found: Infineon_IGP30N60T (existing: 19.4%, new: 19.4%)
2026-02-15 15:44:20,200 - WARNING - Duplicate found: Infineon_IKW25N120H3 (existing: 19.4%, new: 19.4%)
2026-02-15 15:44:20,201 - WARNING - Duplicate found: Infineon_IGB30N60H3 (existing: 19.4%, new: 19.4%)
2026-02-15 15:44:20,202 - WARNING - Duplicate found: Infineon_IKW40T120 (existing: 19.4%, new: 19.4%)
2026-02-15 15:44:20,202 - WARNING - Duplicate found: Infineon_IKA15N65ET6 (existing: 19.4%, new: 19.4%)
2026-02-15 15:44:20,203 - WARNING - Duplicate found: Infineon_IGP06N60T (existing: 19.4%, new: 19.4%)
2026-02-15 15:44:20,203 - WARNING - Duplicate found: Infineon_IKP10N60T (existing: 19.4%, new: 19.4%)
2026-02-15 15:44:20,208 - WARNING - Duplicate found: GaN_Systems_GS66506T (existing: 19.4%, new: 19.4%)
2026-02-15 15:44:20,215 - INFO - Processed 300 files...
2026-02-15 15:44:20,233 - WARNING - Duplicate found: Wolfspeed_C3D20065D (existing: 19.4%, new: 19.4%)
2026-02-15 15:44:20,235 - WARNING - Duplicate found: Wolfspeed_C4D08120A (existing: 19.4%, new: 19.4%)
2026-02-15 15:44:20,243 - INFO - Processed 350 files...
2026-02-15 15:44:20,245 - ERROR - Error converting PLECS XML /home/tinix/claude_wsl/archive_ntbees2/sc/db/plecs/WS_Diodes/C4D05120A.xml: not well-formed (invalid token): line 1, column 1
2026-02-15 15:44:20,247 - ERROR - Failed to migrate /home/tinix/claude_wsl/archive_ntbees2/sc/db/plecs/WS_Diodes/C4D05120A.xml: Conversion returned None
2026-02-15 15:44:20,255 - WARNING - Duplicate found: Wolfspeed_C3M0280090D (existing: 19.4%, new: 19.4%)
2026-02-15 15:44:20,255 - WARNING - Duplicate found: Wolfspeed_C3M0120100K (existing: 19.4%, new: 19.4%)
2026-02-15 15:44:20,258 - WARNING - Duplicate found: Wolfspeed_C2M0025120D (existing: 19.4%, new: 19.4%)
2026-02-15 15:44:20,260 - WARNING - Duplicate found: Wolfspeed_C3M0075120J (existing: 19.4%, new: 19.4%)
2026-02-15 15:44:20,261 - WARNING - Duplicate found: Wolfspeed_E3M0280090D (existing: 19.4%, new: 19.4%)
2026-02-15 15:44:20,262 - WARNING - Duplicate found: Wolfspeed_C3M0021120K (existing: 19.4%, new: 19.4%)
2026-02-15 15:44:20,265 - WARNING - Duplicate found: Wolfspeed_C3M0065090D (existing: 19.4%, new: 19.4%)
2026-02-15 15:44:20,267 - WARNING - Duplicate found: Wolfspeed_C2M0080170P (existing: 19.4%, new: 19.4%)
2026-02-15 15:44:20,269 - WARNING - Duplicate found: Wolfspeed_C2M0045170P (existing: 19.4%, new: 19.4%)
2026-02-15 15:44:20,269 - WARNING - Duplicate found: Wolfspeed_C3M0075120D (existing: 19.4%, new: 19.4%)
2026-02-15 15:44:20,271 - WARNING - Duplicate found: Wolfspeed_C3M0280090J (existing: 19.4%, new: 19.4%)
2026-02-15 15:44:20,271 - WARNING - Duplicate found: Wolfspeed_C3M0120100J (existing: 19.4%, new: 19.4%)
2026-02-15 15:44:20,272 - WARNING - Duplicate found: Wolfspeed_E3M0120090D (existing: 19.4%, new: 19.4%)
2026-02-15 15:44:20,272 - WARNING - Duplicate found: Wolfspeed_E3M0065090D (existing: 19.4%, new: 19.4%)
2026-02-15 15:44:20,274 - WARNING - Duplicate found: Wolfspeed_C2M1000170D (existing: 19.4%, new: 19.4%)
2026-02-15 15:44:20,274 - WARNING - Duplicate found: Wolfspeed_C3M0016120K (existing: 19.4%, new: 19.4%)
2026-02-15 15:44:20,277 - WARNING - Duplicate found: Wolfspeed_C2M0080120D (existing: 19.4%, new: 19.4%)
2026-02-15 15:44:20,277 - WARNING - Duplicate found: Wolfspeed_C2M0025120D (existing: 19.4%, new: 19.4%)
2026-02-15 15:44:20,277 - INFO - Processed 400 files...
2026-02-15 15:44:20,278 - WARNING - Duplicate found: Wolfspeed_C3M0065100K (existing: 19.4%, new: 19.4%)
2026-02-15 15:44:20,279 - WARNING - Duplicate found: Wolfspeed_C3M0065090J (existing: 19.4%, new: 19.4%)
2026-02-15 15:44:20,279 - WARNING - Duplicate found: Wolfspeed_C3M0065100J (existing: 19.4%, new: 19.4%)
2026-02-15 15:44:20,280 - WARNING - Duplicate found: Wolfspeed_C2M0040120D (existing: 19.4%, new: 19.4%)
2026-02-15 15:44:20,280 - WARNING - Duplicate found: Wolfspeed_C3M0010090K (existing: 19.4%, new: 19.4%)
2026-02-15 15:44:20,281 - WARNING - Duplicate found: Wolfspeed_C3M0075120K (existing: 19.4%, new: 19.4%)
2026-02-15 15:44:20,281 - WARNING - Duplicate found: Wolfspeed_C3M0030090K (existing: 19.4%, new: 19.4%)
2026-02-15 15:44:20,283 - WARNING - Duplicate found: Wolfspeed_C2M0280120D (existing: 19.4%, new: 19.4%)
2026-02-15 15:44:20,284 - WARNING - Duplicate found: Wolfspeed_C2M0045170D (existing: 19.4%, new: 19.4%)
2026-02-15 15:44:20,285 - WARNING - Duplicate found: Wolfspeed_C3M0032120K (existing: 19.4%, new: 19.4%)
2026-02-15 15:44:20,286 - WARNING - Duplicate found: Wolfspeed_C2M1000170J (existing: 19.4%, new: 19.4%)
2026-02-15 15:44:20,287 - WARNING - Duplicate found: Wolfspeed_C3M0120090J (existing: 19.4%, new: 19.4%)
2026-02-15 15:44:20,287 - WARNING - Duplicate found: Wolfspeed_C3M0120090D (existing: 19.4%, new: 19.4%)
2026-02-15 15:44:20,288 - WARNING - Duplicate found: Wolfspeed_C2M0160120D (existing: 19.4%, new: 19.4%)
2026-02-15 15:44:20,290 - WARNING - Duplicate found: Wolfspeed_CCS020M12CM2 (existing: 19.4%, new: 19.4%)
2026-02-15 15:44:20,291 - WARNING - Duplicate found: Wolfspeed_CAS300M12BM2 (existing: 19.4%, new: 19.4%)
2026-02-15 15:44:20,293 - WARNING - Duplicate found: Wolfspeed_CAS300M17BM2 (existing: 19.4%, new: 19.4%)
2026-02-15 15:44:20,293 - WARNING - Duplicate found: Wolfspeed_CCS050M12CM2 (existing: 19.4%, new: 19.4%)
2026-02-15 15:44:20,294 - WARNING - Duplicate found: Wolfspeed_CAS120M12BM2 (existing: 19.4%, new: 19.4%)
2026-02-15 15:44:20,296 - WARNING - Duplicate found: Wolfspeed_C3D08065I (existing: 19.4%, new: 19.4%)
2026-02-15 15:44:20,297 - WARNING - Duplicate found: Wolfspeed_C3D04065A (existing: 19.4%, new: 19.4%)
2026-02-15 15:44:20,298 - WARNING - Duplicate found: Wolfspeed_C6D06065A (existing: 19.4%, new: 19.4%)
2026-02-15 15:44:20,299 - WARNING - Duplicate found: Wolfspeed_C4D30120D (existing: 19.4%, new: 19.4%)
2026-02-15 15:44:20,300 - WARNING - Duplicate found: Wolfspeed_C4D10120D (existing: 19.4%, new: 19.4%)
2026-02-15 15:44:20,301 - WARNING - Duplicate found: Wolfspeed_C4D20120A (existing: 19.4%, new: 19.4%)
2026-02-15 15:44:20,301 - WARNING - Duplicate found: Wolfspeed_C3D16060D (existing: 19.4%, new: 19.4%)
2026-02-15 15:44:20,302 - WARNING - Duplicate found: Wolfspeed_C3D08065A (existing: 19.4%, new: 19.4%)
2026-02-15 15:44:20,303 - WARNING - Duplicate found: Wolfspeed_C3D02060F (existing: 19.4%, new: 19.4%)
2026-02-15 15:44:20,304 - WARNING - Duplicate found: Wolfspeed_C4D15120A (existing: 19.4%, new: 19.4%)
2026-02-15 15:44:20,305 - WARNING - Duplicate found: Wolfspeed_C3D06060F (existing: 19.4%, new: 19.4%)
2026-02-15 15:44:20,306 - WARNING - Duplicate found: Wolfspeed_C3D06060G (existing: 19.4%, new: 19.4%)
2026-02-15 15:44:20,307 - WARNING - Duplicate found: Wolfspeed_C3D10060G (existing: 19.4%, new: 19.4%)
2026-02-15 15:44:20,307 - WARNING - Duplicate found: Wolfspeed_C4D02120A (existing: 19.4%, new: 19.4%)
2026-02-15 15:44:20,308 - WARNING - Duplicate found: Wolfspeed_C4D10120E (existing: 19.4%, new: 19.4%)
2026-02-15 15:44:20,309 - WARNING - Duplicate found: Wolfspeed_C5D10170H (existing: 19.4%, new: 19.4%)
2026-02-15 15:44:20,309 - WARNING - Duplicate found: Wolfspeed_C4D08120A (existing: 19.4%, new: 19.4%)
2026-02-15 15:44:20,310 - WARNING - Duplicate found: Wolfspeed_C3D10065E (existing: 19.4%, new: 19.4%)
2026-02-15 15:44:20,311 - WARNING - Duplicate found: Wolfspeed_C3D04060A (existing: 19.4%, new: 19.4%)
2026-02-15 15:44:20,312 - WARNING - Duplicate found: Wolfspeed_C5D25170H (existing: 19.4%, new: 19.4%)
2026-02-15 15:44:20,313 - WARNING - Duplicate found: Wolfspeed_C4D10120A (existing: 19.4%, new: 19.4%)
2026-02-15 15:44:20,313 - WARNING - Duplicate found: Wolfspeed_C4D10120H (existing: 19.4%, new: 19.4%)
2026-02-15 15:44:20,314 - WARNING - Duplicate found: Wolfspeed_C3D06065E (existing: 19.4%, new: 19.4%)
2026-02-15 15:44:20,314 - INFO - Processed 450 files...
2026-02-15 15:44:20,315 - WARNING - Duplicate found: Wolfspeed_C3D06060A (existing: 19.4%, new: 19.4%)
2026-02-15 15:44:20,316 - WARNING - Duplicate found: Wolfspeed_C3D02060E (existing: 19.4%, new: 19.4%)
2026-02-15 15:44:20,316 - WARNING - Duplicate found: Wolfspeed_C6D10065A (existing: 19.4%, new: 19.4%)
2026-02-15 15:44:20,317 - WARNING - Duplicate found: Wolfspeed_C4D02120E (existing: 19.4%, new: 19.4%)
2026-02-15 15:44:20,317 - WARNING - Duplicate found: Wolfspeed_C3D10065A (existing: 19.4%, new: 19.4%)
2026-02-15 15:44:20,318 - WARNING - Duplicate found: Wolfspeed_C3D02060A (existing: 19.4%, new: 19.4%)
2026-02-15 15:44:20,319 - WARNING - Duplicate found: Wolfspeed_C3D10060A (existing: 19.4%, new: 19.4%)
2026-02-15 15:44:20,319 - WARNING - Duplicate found: Wolfspeed_C3D20065D (existing: 19.4%, new: 19.4%)
2026-02-15 15:44:20,320 - WARNING - Duplicate found: Wolfspeed_C3D03060A (existing: 19.4%, new: 19.4%)
2026-02-15 15:44:20,320 - WARNING - Duplicate found: Wolfspeed_C3D04060F (existing: 19.4%, new: 19.4%)
2026-02-15 15:44:20,321 - WARNING - Duplicate found: Wolfspeed_C3D06065I (existing: 19.4%, new: 19.4%)
2026-02-15 15:44:20,321 - WARNING - Duplicate found: Wolfspeed_C3D10065I (existing: 19.4%, new: 19.4%)
2026-02-15 15:44:20,322 - WARNING - Duplicate found: Wolfspeed_C3D04060E (existing: 19.4%, new: 19.4%)
2026-02-15 15:44:20,323 - WARNING - Duplicate found: Wolfspeed_C6D08065A (existing: 19.4%, new: 19.4%)
2026-02-15 15:44:20,323 - WARNING - Duplicate found: Wolfspeed_E4D10120A (existing: 19.4%, new: 19.4%)
2026-02-15 15:44:20,324 - WARNING - Duplicate found: Wolfspeed_C3D08060G (existing: 19.4%, new: 19.4%)
2026-02-15 15:44:20,325 - WARNING - Duplicate found: Wolfspeed_CSD01060E (existing: 19.4%, new: 19.4%)
2026-02-15 15:44:20,325 - WARNING - Duplicate found: Wolfspeed_C3D20065D (existing: 19.4%, new: 19.4%)
2026-02-15 15:44:20,326 - WARNING - Duplicate found: Wolfspeed_C3D08060A (existing: 19.4%, new: 19.4%)
2026-02-15 15:44:20,327 - WARNING - Duplicate found: Wolfspeed_CVFD20065A (existing: 19.4%, new: 19.4%)
2026-02-15 15:44:20,327 - WARNING - Duplicate found: Wolfspeed_C4D08120A (existing: 19.4%, new: 19.4%)
2026-02-15 15:44:20,328 - WARNING - Duplicate found: Wolfspeed_C3D03060E (existing: 19.4%, new: 19.4%)
2026-02-15 15:44:20,329 - WARNING - Duplicate found: Wolfspeed_C4D20120D (existing: 19.4%, new: 19.4%)
2026-02-15 15:44:20,329 - WARNING - Duplicate found: Wolfspeed_C3D02065E (existing: 19.4%, new: 19.4%)
2026-02-15 15:44:20,330 - WARNING - Duplicate found: Wolfspeed_C3D03065E (existing: 19.4%, new: 19.4%)
2026-02-15 15:44:20,330 - WARNING - Duplicate found: Wolfspeed_C3D08065E (existing: 19.4%, new: 19.4%)
2026-02-15 15:44:20,331 - WARNING - Duplicate found: Wolfspeed_C4D15120H (existing: 19.4%, new: 19.4%)
2026-02-15 15:44:20,332 - WARNING - Duplicate found: Wolfspeed_C4D40120D (existing: 19.4%, new: 19.4%)
2026-02-15 15:44:20,332 - WARNING - Duplicate found: Wolfspeed_C4D05120E (existing: 19.4%, new: 19.4%)
2026-02-15 15:44:20,333 - WARNING - Duplicate found: Wolfspeed_CSD01060A (existing: 19.4%, new: 19.4%)
2026-02-15 15:44:20,333 - WARNING - Duplicate found: Wolfspeed_C3D25170H (existing: 19.4%, new: 19.4%)
2026-02-15 15:44:20,334 - WARNING - Duplicate found: Wolfspeed_C3D16065D (existing: 19.4%, new: 19.4%)
2026-02-15 15:44:20,335 - WARNING - Duplicate found: Wolfspeed_C4D20120H (existing: 19.4%, new: 19.4%)
2026-02-15 15:44:20,335 - WARNING - Duplicate found: Wolfspeed_C3D10170H (existing: 19.4%, new: 19.4%)
2026-02-15 15:44:20,336 - WARNING - Duplicate found: Wolfspeed_C3D04065E (existing: 19.4%, new: 19.4%)
2026-02-15 15:44:20,337 - WARNING - Duplicate found: Wolfspeed_C3D06065A (existing: 19.4%, new: 19.4%)
2026-02-15 15:44:20,337 - WARNING - Duplicate found: Wolfspeed_C5D05170H (existing: 19.4%, new: 19.4%)
2026-02-15 15:44:20,338 - ERROR - Error converting PLECS XML /home/tinix/claude_wsl/archive_ntbees2/sc/data/cree_plecs/Diodes_PLECS/C4D05120A.xml: not well-formed (invalid token): line 1, column 1
2026-02-15 15:44:20,338 - ERROR - Failed to migrate /home/tinix/claude_wsl/archive_ntbees2/sc/data/cree_plecs/Diodes_PLECS/C4D05120A.xml: Conversion returned None
2026-02-15 15:44:20,339 - WARNING - Duplicate found: Wolfspeed_C3D03060F (existing: 19.4%, new: 19.4%)
2026-02-15 15:44:20,340 - WARNING - Duplicate found: Wolfspeed_E3M0065090D (existing: 19.4%, new: 19.4%)
2026-02-15 15:44:20,340 - WARNING - Duplicate found: Wolfspeed_C3M0280090D (existing: 19.4%, new: 19.4%)
2026-02-15 15:44:20,341 - WARNING - Duplicate found: Wolfspeed_C3M0021120K (existing: 19.4%, new: 19.4%)
2026-02-15 15:44:20,342 - WARNING - Duplicate found: Wolfspeed_C3M0120100K (existing: 19.4%, new: 19.4%)
2026-02-15 15:44:20,343 - WARNING - Duplicate found: Wolfspeed_C3M0075120D (existing: 19.4%, new: 19.4%)
2026-02-15 15:44:20,344 - WARNING - Duplicate found: Wolfspeed_C2M0025120D (existing: 19.4%, new: 19.4%)
2026-02-15 15:44:20,345 - WARNING - Duplicate found: Wolfspeed_C3M0120100J (existing: 19.4%, new: 19.4%)
2026-02-15 15:44:20,346 - WARNING - Duplicate found: Wolfspeed_C3M0075120J (existing: 19.4%, new: 19.4%)
2026-02-15 15:44:20,346 - WARNING - Duplicate found: Wolfspeed_C3M0065090D (existing: 19.4%, new: 19.4%)
2026-02-15 15:44:20,347 - WARNING - Duplicate found: Wolfspeed_C3M0016120K (existing: 19.4%, new: 19.4%)
2026-02-15 15:44:20,348 - WARNING - Duplicate found: Wolfspeed_C3M0280090D (existing: 19.4%, new: 19.4%)
2026-02-15 15:44:20,348 - INFO - Processed 500 files...
2026-02-15 15:44:20,349 - WARNING - Duplicate found: Wolfspeed_C3M0120100K (existing: 19.4%, new: 19.4%)
2026-02-15 15:44:20,350 - WARNING - Duplicate found: Wolfspeed_C3M0065100J (existing: 19.4%, new: 19.4%)
2026-02-15 15:44:20,351 - WARNING - Duplicate found: Wolfspeed_E3M0280090D (existing: 19.4%, new: 19.4%)
2026-02-15 15:44:20,351 - WARNING - Duplicate found: Wolfspeed_C3M0065100K (existing: 19.4%, new: 19.4%)
2026-02-15 15:44:20,352 - WARNING - Duplicate found: Wolfspeed_C2M0025120D (existing: 19.4%, new: 19.4%)
2026-02-15 15:44:20,353 - WARNING - Duplicate found: Wolfspeed_C2M1000170D (existing: 19.4%, new: 19.4%)
2026-02-15 15:44:20,354 - WARNING - Duplicate found: Wolfspeed_C3M0075120J (existing: 19.4%, new: 19.4%)
2026-02-15 15:44:20,354 - WARNING - Duplicate found: Wolfspeed_E3M0280090D (existing: 19.4%, new: 19.4%)
2026-02-15 15:44:20,355 - WARNING - Duplicate found: Wolfspeed_C2M0080170P (existing: 19.4%, new: 19.4%)
2026-02-15 15:44:20,356 - WARNING - Duplicate found: Wolfspeed_C3M0021120K (existing: 19.4%, new: 19.4%)
2026-02-15 15:44:20,357 - WARNING - Duplicate found: Wolfspeed_C3M0032120K (existing: 19.4%, new: 19.4%)
2026-02-15 15:44:20,358 - WARNING - Duplicate found: Wolfspeed_C2M0040120D (existing: 19.4%, new: 19.4%)
2026-02-15 15:44:20,359 - WARNING - Duplicate found: Wolfspeed_C3M0280090J (existing: 19.4%, new: 19.4%)
2026-02-15 15:44:20,359 - WARNING - Duplicate found: Wolfspeed_C3M0065090D (existing: 19.4%, new: 19.4%)
2026-02-15 15:44:20,360 - WARNING - Duplicate found: Wolfspeed_C2M0045170P (existing: 19.4%, new: 19.4%)
2026-02-15 15:44:20,361 - WARNING - Duplicate found: Wolfspeed_C3M0065090J (existing: 19.4%, new: 19.4%)
2026-02-15 15:44:20,361 - WARNING - Duplicate found: Wolfspeed_C2M0080170P (existing: 19.4%, new: 19.4%)
2026-02-15 15:44:20,362 - WARNING - Duplicate found: Wolfspeed_C2M1000170J (existing: 19.4%, new: 19.4%)
2026-02-15 15:44:20,362 - WARNING - Duplicate found: Wolfspeed_E3M0120090D (existing: 19.4%, new: 19.4%)
2026-02-15 15:44:20,363 - WARNING - Duplicate found: Wolfspeed_C2M0045170P (existing: 19.4%, new: 19.4%)
2026-02-15 15:44:20,364 - WARNING - Duplicate found: Wolfspeed_C3M0075120D (existing: 19.4%, new: 19.4%)
2026-02-15 15:44:20,365 - WARNING - Duplicate found: Wolfspeed_C3M0280090J (existing: 19.4%, new: 19.4%)
2026-02-15 15:44:20,365 - WARNING - Duplicate found: Wolfspeed_C3M0120100J (existing: 19.4%, new: 19.4%)
2026-02-15 15:44:20,366 - WARNING - Duplicate found: Wolfspeed_E3M0120090D (existing: 19.4%, new: 19.4%)
2026-02-15 15:44:20,367 - WARNING - Duplicate found: Wolfspeed_E3M0065090D (existing: 19.4%, new: 19.4%)
2026-02-15 15:44:20,368 - WARNING - Duplicate found: Wolfspeed_C3M0075120K (existing: 19.4%, new: 19.4%)
2026-02-15 15:44:20,368 - WARNING - Duplicate found: Wolfspeed_C2M0045170D (existing: 19.4%, new: 19.4%)
2026-02-15 15:44:20,369 - WARNING - Duplicate found: Wolfspeed_C2M1000170D (existing: 19.4%, new: 19.4%)
2026-02-15 15:44:20,369 - WARNING - Duplicate found: Wolfspeed_C3M0016120K (existing: 19.4%, new: 19.4%)
2026-02-15 15:44:20,370 - WARNING - Duplicate found: Wolfspeed_C3M0010090K (existing: 19.4%, new: 19.4%)
2026-02-15 15:44:20,371 - WARNING - Duplicate found: Wolfspeed_C3M0030090K (existing: 19.4%, new: 19.4%)
2026-02-15 15:44:20,371 - WARNING - Duplicate found: Wolfspeed_C2M0160120D (existing: 19.4%, new: 19.4%)
2026-02-15 15:44:20,372 - WARNING - Duplicate found: Wolfspeed_C2M0080120D (existing: 19.4%, new: 19.4%)
2026-02-15 15:44:20,373 - WARNING - Duplicate found: Wolfspeed_C3M0065100K (existing: 19.4%, new: 19.4%)
2026-02-15 15:44:20,373 - WARNING - Duplicate found: Wolfspeed_C3M0065090J (existing: 19.4%, new: 19.4%)
2026-02-15 15:44:20,374 - WARNING - Duplicate found: Wolfspeed_C3M0065100J (existing: 19.4%, new: 19.4%)
2026-02-15 15:44:20,375 - WARNING - Duplicate found: Wolfspeed_C2M0040120D (existing: 19.4%, new: 19.4%)
2026-02-15 15:44:20,376 - WARNING - Duplicate found: Wolfspeed_C3M0010090K (existing: 19.4%, new: 19.4%)
2026-02-15 15:44:20,376 - WARNING - Duplicate found: Wolfspeed_C3M0075120K (existing: 19.4%, new: 19.4%)
2026-02-15 15:44:20,377 - WARNING - Duplicate found: Wolfspeed_C3M0030090K (existing: 19.4%, new: 19.4%)
2026-02-15 15:44:20,377 - WARNING - Duplicate found: Wolfspeed_C2M0280120D (existing: 19.4%, new: 19.4%)
2026-02-15 15:44:20,378 - WARNING - Duplicate found: Wolfspeed_C2M0280120D (existing: 19.4%, new: 19.4%)
2026-02-15 15:44:20,378 - WARNING - Duplicate found: Wolfspeed_C3M0120090J (existing: 19.4%, new: 19.4%)
2026-02-15 15:44:20,379 - WARNING - Duplicate found: Wolfspeed_C2M0045170D (existing: 19.4%, new: 19.4%)
2026-02-15 15:44:20,380 - WARNING - Duplicate found: Wolfspeed_C3M0032120K (existing: 19.4%, new: 19.4%)
2026-02-15 15:44:20,380 - WARNING - Duplicate found: Wolfspeed_C3M0120090D (existing: 19.4%, new: 19.4%)
2026-02-15 15:44:20,381 - WARNING - Duplicate found: Wolfspeed_C2M1000170J (existing: 19.4%, new: 19.4%)
2026-02-15 15:44:20,382 - WARNING - Duplicate found: Wolfspeed_C3M0120090J (existing: 19.4%, new: 19.4%)
2026-02-15 15:44:20,382 - WARNING - Duplicate found: Wolfspeed_C3M0120090D (existing: 19.4%, new: 19.4%)
2026-02-15 15:44:20,383 - WARNING - Duplicate found: Wolfspeed_C2M0160120D (existing: 19.4%, new: 19.4%)
2026-02-15 15:44:20,383 - INFO - Processed 550 files...
2026-02-15 15:44:20,384 - WARNING - Duplicate found: Wolfspeed_CAS300M12BM2 (existing: 19.4%, new: 19.4%)
2026-02-15 15:44:20,384 - WARNING - Duplicate found: Wolfspeed_CCS020M12CM2 (existing: 19.4%, new: 19.4%)
2026-02-15 15:44:20,385 - WARNING - Duplicate found: Wolfspeed_CAS120M12BM2 (existing: 19.4%, new: 19.4%)
2026-02-15 15:44:20,386 - WARNING - Duplicate found: Wolfspeed_CCS020M12CM2 (existing: 19.4%, new: 19.4%)
2026-02-15 15:44:20,386 - WARNING - Duplicate found: Wolfspeed_CAS300M12BM2 (existing: 19.4%, new: 19.4%)
2026-02-15 15:44:20,387 - WARNING - Duplicate found: Wolfspeed_CCS050M12CM2 (existing: 19.4%, new: 19.4%)
2026-02-15 15:44:20,387 - WARNING - Duplicate found: Wolfspeed_CAS300M17BM2 (existing: 19.4%, new: 19.4%)
2026-02-15 15:44:20,387 - WARNING - Duplicate found: Wolfspeed_CAS300M17BM2 (existing: 19.4%, new: 19.4%)
2026-02-15 15:44:20,388 - WARNING - Duplicate found: Wolfspeed_CCS050M12CM2 (existing: 19.4%, new: 19.4%)
2026-02-15 15:44:20,388 - WARNING - Duplicate found: Wolfspeed_CAS120M12BM2 (existing: 19.4%, new: 19.4%)
2026-02-15 15:44:20,388 - INFO - Completed directory: 560 files processed
2026-02-15 15:46:23,533 - INFO - Found 0 existing transistors
2026-02-15 15:46:23,533 - INFO - 
============================================================
2026-02-15 15:46:23,533 - INFO - Processing source: /home/tinix/claude_wsl/transistordatabase/database
2026-02-15 15:46:23,533 - INFO - ============================================================
2026-02-15 15:46:23,728 - INFO - Completed directory: 24 files processed
2026-02-15 15:46:23,728 - INFO - 
============================================================
2026-02-15 15:46:23,728 - INFO - Processing source: /home/tinix/claude_wsl/file_exchange
2026-02-15 15:46:23,728 - INFO - ============================================================
2026-02-15 15:46:23,730 - WARNING - Duplicate found: Infineon_IPBE65R050CFD7A (existing: 45.2%, new: 45.2%)
2026-02-15 15:46:23,750 - WARNING - Duplicate found: Infineon_IPW65R090CFD7 (existing: 45.2%, new: 45.2%)
2026-02-15 15:46:23,751 - WARNING - Duplicate found: Fuji_2MBI100XAA120-50 (existing: 48.4%, new: 48.4%)
2026-02-15 15:46:23,751 - WARNING - Duplicate found: Mitsubishi_CM200DY-24T (existing: 48.4%, new: 48.4%)
2026-02-15 15:46:23,752 - WARNING - Duplicate found: Infineon_FF300R12KE3 (existing: 35.5%, new: 35.5%)
2026-02-15 15:46:23,752 - WARNING - Duplicate found: Infineon_FF200R12KE3 (existing: 38.7%, new: 38.7%)
2026-02-15 15:46:23,752 - WARNING - Duplicate found: Semikron_SKM400GB12T4 (existing: 38.7%, new: 38.7%)
2026-02-15 15:46:23,752 - WARNING - Duplicate found: Fuji_2MBI300XBE120-50 (existing: 48.4%, new: 48.4%)
2026-02-15 15:46:23,753 - WARNING - Duplicate found: Fuji_2MBI200XBE120-50 (existing: 48.4%, new: 48.4%)
2026-02-15 15:46:23,753 - WARNING - Duplicate found: Fuji_2MBI600XEE065-50 (existing: 48.4%, new: 48.4%)
2026-02-15 15:46:23,754 - WARNING - Duplicate found: Fuji_2MBI400U2B-060 (existing: 48.4%, new: 48.4%)
2026-02-15 15:46:23,754 - WARNING - Duplicate found: Fuji_2MBI300XBE065-50 (existing: 48.4%, new: 48.4%)
2026-02-15 15:46:23,755 - WARNING - Duplicate found: Fuji_2MBI200XAA065-50 (existing: 48.4%, new: 48.4%)
2026-02-15 15:46:23,755 - WARNING - Duplicate found: Fuji_2MBI400XBE065-50 (existing: 48.4%, new: 48.4%)
2026-02-15 15:46:23,755 - WARNING - Duplicate found: CREE_C3M0016120K (existing: 45.2%, new: 45.2%)
2026-02-15 15:46:23,756 - WARNING - Duplicate found: CREE_CAB530M12BM3 (existing: 45.2%, new: 45.2%)
2026-02-15 15:46:23,756 - WARNING - Duplicate found: CREE_WAB300M12BM3 (existing: 45.2%, new: 45.2%)
2026-02-15 15:46:23,757 - WARNING - Duplicate found: CREE_C3M0120065J (existing: 45.2%, new: 45.2%)
2026-02-15 15:46:23,758 - WARNING - Duplicate found: UnitedSiC_UF3SC065007K4S (existing: 45.2%, new: 45.2%)
2026-02-15 15:46:23,865 - WARNING - Duplicate found: ROHMSemiconductor_SCT3120AW7 (existing: 45.2%, new: 45.2%)
2026-02-15 15:46:23,866 - WARNING - Duplicate found: Rohm_SCT3060AW7 (existing: 45.2%, new: 45.2%)
2026-02-15 15:46:23,866 - WARNING - Duplicate found: CREE_C3M0065100J (existing: 45.2%, new: 45.2%)
2026-02-15 15:46:23,867 - WARNING - Duplicate found: CREE_C3M0120100J (existing: 45.2%, new: 45.2%)
2026-02-15 15:46:23,884 - WARNING - Duplicate found: GaNSystems_GS66506T (existing: 45.2%, new: 45.2%)
2026-02-15 15:46:23,884 - INFO - Completed directory: 49 files processed
2026-02-15 15:46:23,884 - INFO - 
============================================================
2026-02-15 15:46:23,884 - INFO - Processing source: /home/tinix/claude_wsl/archive_ntbees2/sc
2026-02-15 15:46:23,884 - INFO - ============================================================
2026-02-15 15:46:23,886 - INFO - Processed 50 files...
2026-02-15 15:46:23,893 - WARNING - Duplicate found: Eloss_DoublePulseTester_EPC8009_sync (existing: 32.3%, new: 32.3%)
2026-02-15 15:46:23,898 - WARNING - Duplicate found: C2M0080120D_idvgs25 (existing: 19.4%, new: 19.4%)
2026-02-15 15:46:23,903 - WARNING - Duplicate found: Infineon_IGB20N60H3 (existing: 19.4%, new: 19.4%)
2026-02-15 15:46:23,905 - WARNING - Duplicate found: Infineon_IGA30N60H3 (existing: 19.4%, new: 19.4%)
2026-02-15 15:46:23,905 - WARNING - Duplicate found: Infineon_IKW50N60DTP (existing: 19.4%, new: 19.4%)
2026-02-15 15:46:23,906 - WARNING - Duplicate found: Infineon_IKP20N60TA (existing: 19.4%, new: 19.4%)
2026-02-15 15:46:23,906 - WARNING - Duplicate found: Infineon_IKW20N60TA (existing: 19.4%, new: 19.4%)
2026-02-15 15:46:23,907 - WARNING - Duplicate found: Infineon_IKW15N120H3 (existing: 19.4%, new: 19.4%)
2026-02-15 15:46:23,907 - INFO - Processed 100 files...
2026-02-15 15:46:23,908 - WARNING - Duplicate found: Infineon_IKW30N60TA (existing: 19.4%, new: 19.4%)
2026-02-15 15:46:23,910 - WARNING - Duplicate found: Infineon_IGP10N60T (existing: 19.4%, new: 19.4%)
2026-02-15 15:46:23,911 - WARNING - Duplicate found: Infineon_IGB30N60T (existing: 19.4%, new: 19.4%)
2026-02-15 15:46:23,911 - WARNING - Duplicate found: Infineon_IGW100N60H3 (existing: 19.4%, new: 19.4%)
2026-02-15 15:46:23,912 - WARNING - Duplicate found: Infineon_IGP20N60H3 (existing: 19.4%, new: 19.4%)
2026-02-15 15:46:23,912 - WARNING - Duplicate found: Infineon_IGP50N60T (existing: 19.4%, new: 19.4%)
2026-02-15 15:46:23,913 - WARNING - Duplicate found: Infineon_IKW50N65H5 (existing: 19.4%, new: 19.4%)
2026-02-15 15:46:23,913 - WARNING - Duplicate found: Infineon_IKW50N60TA (existing: 19.4%, new: 19.4%)
2026-02-15 15:46:23,913 - WARNING - Duplicate found: Infineon_IGW25N120H3 (existing: 19.4%, new: 19.4%)
2026-02-15 15:46:23,914 - WARNING - Duplicate found: Infineon_IKW75N60T (existing: 19.4%, new: 19.4%)
2026-02-15 15:46:23,914 - WARNING - Duplicate found: Infineon_IKP04N60T (existing: 19.4%, new: 19.4%)
2026-02-15 15:46:23,914 - WARNING - Duplicate found: Infineon_IGW25N120H3 (existing: 19.4%, new: 19.4%)
2026-02-15 15:46:23,915 - WARNING - Duplicate found: Infineon_IGW50N60T (existing: 19.4%, new: 19.4%)
2026-02-15 15:46:23,915 - WARNING - Duplicate found: Infineon_IGW30N60T (existing: 19.4%, new: 19.4%)
2026-02-15 15:46:23,915 - INFO - Processed 150 files...
2026-02-15 15:46:23,916 - WARNING - Duplicate found: Infineon_IKQ50N120CH3 (existing: 19.4%, new: 19.4%)
2026-02-15 15:46:23,916 - WARNING - Duplicate found: Infineon_IKP20N60H3 (existing: 19.4%, new: 19.4%)
2026-02-15 15:46:23,917 - WARNING - Duplicate found: Infineon_IKW60N60H3 (existing: 19.4%, new: 19.4%)
2026-02-15 15:46:23,918 - WARNING - Duplicate found: Infineon_IKFW50N60DH3E (existing: 19.4%, new: 19.4%)
2026-02-15 15:46:23,921 - WARNING - Duplicate found: Infineon_IKFW40N60DH3E (existing: 19.4%, new: 19.4%)
2026-02-15 15:46:23,922 - WARNING - Duplicate found: Infineon_IKB15N60T (existing: 19.4%, new: 19.4%)
2026-02-15 15:46:23,922 - WARNING - Duplicate found: Infineon_IKW25N120T2 (existing: 19.4%, new: 19.4%)
2026-02-15 15:46:23,922 - WARNING - Duplicate found: Infineon_IKW75N60H3 (existing: 19.4%, new: 19.4%)
2026-02-15 15:46:23,923 - WARNING - Duplicate found: Infineon_IKW15N120T2 (existing: 19.4%, new: 19.4%)
2026-02-15 15:46:23,923 - WARNING - Duplicate found: Infineon_IKD03N60RF (existing: 19.4%, new: 19.4%)
2026-02-15 15:46:23,923 - WARNING - Duplicate found: Infineon_IGW50N60TP (existing: 19.4%, new: 19.4%)
2026-02-15 15:46:23,923 - WARNING - Duplicate found: Infineon_IGW50N60H3 (existing: 19.4%, new: 19.4%)
2026-02-15 15:46:23,924 - WARNING - Duplicate found: Infineon_IGU04N60T (existing: 19.4%, new: 19.4%)
2026-02-15 15:46:23,924 - WARNING - Duplicate found: Infineon_IKW50N60H3 (existing: 19.4%, new: 19.4%)
2026-02-15 15:46:23,924 - WARNING - Duplicate found: Infineon_IKB20N60T (existing: 19.4%, new: 19.4%)
2026-02-15 15:46:23,924 - WARNING - Duplicate found: Infineon_IKW15T120 (existing: 19.4%, new: 19.4%)
2026-02-15 15:46:23,925 - WARNING - Duplicate found: Infineon_IKFW50N60DH3 (existing: 19.4%, new: 19.4%)
2026-02-15 15:46:23,925 - WARNING - Duplicate found: Infineon_IKB40N65ES5 (existing: 19.4%, new: 19.4%)
2026-02-15 15:46:23,925 - WARNING - Duplicate found: Infineon_IGW08T120 (existing: 19.4%, new: 19.4%)
2026-02-15 15:46:23,926 - WARNING - Duplicate found: Infineon_IKW40N120H3 (existing: 19.4%, new: 19.4%)
2026-02-15 15:46:23,926 - WARNING - Duplicate found: Infineon_IKQ40N120CH3 (existing: 19.4%, new: 19.4%)
2026-02-15 15:46:23,926 - WARNING - Duplicate found: Infineon_IGW75N60H3 (existing: 19.4%, new: 19.4%)
2026-02-15 15:46:23,927 - WARNING - Duplicate found: Infineon_IGW25N120H3 (existing: 19.4%, new: 19.4%)
2026-02-15 15:46:23,927 - WARNING - Duplicate found: Infineon_IKFW75N60ET (existing: 19.4%, new: 19.4%)
2026-02-15 15:46:23,927 - INFO - Processed 200 files...
2026-02-15 15:46:23,927 - WARNING - Duplicate found: Infineon_IKW15T120 (existing: 19.4%, new: 19.4%)
2026-02-15 15:46:23,927 - WARNING - Duplicate found: Infineon_IKQ75N120CT2 (existing: 19.4%, new: 19.4%)
2026-02-15 15:46:23,928 - WARNING - Duplicate found: Infineon_IGD06N60T (existing: 19.4%, new: 19.4%)
2026-02-15 15:46:23,928 - WARNING - Duplicate found: Infineon_IKW40N65ES5 (existing: 19.4%, new: 19.4%)
2026-02-15 15:46:23,928 - WARNING - Duplicate found: Infineon_IGP30N60H3 (existing: 19.4%, new: 19.4%)
2026-02-15 15:46:23,929 - WARNING - Duplicate found: Infineon_IGW30N60H3 (existing: 19.4%, new: 19.4%)
2026-02-15 15:46:23,929 - WARNING - Duplicate found: Infineon_IKQ40N120CT2 (existing: 19.4%, new: 19.4%)
2026-02-15 15:46:23,929 - WARNING - Duplicate found: Infineon_IGW25T120 (existing: 19.4%, new: 19.4%)
2026-02-15 15:46:23,930 - WARNING - Duplicate found: Infineon_IKP15N60T (existing: 19.4%, new: 19.4%)
2026-02-15 15:46:23,930 - WARNING - Duplicate found: Infineon_IKA10N60T (existing: 19.4%, new: 19.4%)
2026-02-15 15:46:23,930 - WARNING - Duplicate found: Infineon_IKW40N120T2_v2 (existing: 19.4%, new: 19.4%)
2026-02-15 15:46:23,930 - WARNING - Duplicate found: Infineon_IGW15N120H3 (existing: 19.4%, new: 19.4%)
2026-02-15 15:46:23,931 - WARNING - Duplicate found: Infineon_IKW50N60T (existing: 19.4%, new: 19.4%)
2026-02-15 15:46:23,931 - WARNING - Duplicate found: Infineon_IGB15N60T (existing: 19.4%, new: 19.4%)
2026-02-15 15:46:23,931 - WARNING - Duplicate found: Infineon_IKW40N120T2 (existing: 19.4%, new: 19.4%)
2026-02-15 15:46:23,931 - WARNING - Duplicate found: Infineon_IKY75N120CH3 (existing: 19.4%, new: 19.4%)
2026-02-15 15:46:23,932 - WARNING - Duplicate found: Infineon_IKW30N60T (existing: 19.4%, new: 19.4%)
2026-02-15 15:46:23,932 - WARNING - Duplicate found: Infineon_IKW15N65H5 (existing: 19.4%, new: 19.4%)
2026-02-15 15:46:23,932 - WARNING - Duplicate found: Infineon_IKW20N60T (existing: 19.4%, new: 19.4%)
2026-02-15 15:46:23,933 - WARNING - Duplicate found: Infineon_IGB50N60T (existing: 19.4%, new: 19.4%)
2026-02-15 15:46:23,933 - WARNING - Duplicate found: Infineon_IKU04N60T (existing: 19.4%, new: 19.4%)
2026-02-15 15:46:23,933 - WARNING - Duplicate found: Infineon_IKB30N65ES5 (existing: 19.4%, new: 19.4%)
2026-02-15 15:46:23,933 - WARNING - Duplicate found: Infineon_IKQ50N120CT2 (existing: 19.4%, new: 19.4%)
2026-02-15 15:46:23,934 - WARNING - Duplicate found: Infineon_IKFW60N60EH3 (existing: 19.4%, new: 19.4%)
2026-02-15 15:46:23,934 - WARNING - Duplicate found: Infineon_IKB20N60H3 (existing: 19.4%, new: 19.4%)
2026-02-15 15:46:23,934 - WARNING - Duplicate found: Infineon_IKQ120N60T (existing: 19.4%, new: 19.4%)
2026-02-15 15:46:23,934 - WARNING - Duplicate found: Infineon_IKY50N120CH3 (existing: 19.4%, new: 19.4%)
2026-02-15 15:46:23,935 - WARNING - Duplicate found: Infineon_IGB10N60T (existing: 19.4%, new: 19.4%)
2026-02-15 15:46:23,935 - WARNING - Duplicate found: Infineon_IKA15N60T (existing: 19.4%, new: 19.4%)
2026-02-15 15:46:23,935 - WARNING - Duplicate found: Infineon_IKFW50N60ET (existing: 19.4%, new: 19.4%)
2026-02-15 15:46:23,935 - WARNING - Duplicate found: Infineon_IKP06N60T (existing: 19.4%, new: 19.4%)
2026-02-15 15:46:23,936 - WARNING - Duplicate found: Infineon_IKY40N120CH3 (existing: 19.4%, new: 19.4%)
2026-02-15 15:46:23,936 - WARNING - Duplicate found: Infineon_IKQ75N120CH3 (existing: 19.4%, new: 19.4%)
2026-02-15 15:46:23,936 - WARNING - Duplicate found: Infineon_IKW40N60H3 (existing: 19.4%, new: 19.4%)
2026-02-15 15:46:23,937 - WARNING - Duplicate found: Infineon_IKI04N60T (existing: 19.4%, new: 19.4%)
2026-02-15 15:46:23,937 - WARNING - Duplicate found: Infineon_IGW20N60H3 (existing: 19.4%, new: 19.4%)
2026-02-15 15:46:23,937 - WARNING - Duplicate found: Infineon_IGP15N60T (existing: 19.4%, new: 19.4%)
2026-02-15 15:46:23,937 - INFO - Processed 250 files...
2026-02-15 15:46:23,937 - WARNING - Duplicate found: Infineon_IKW30N60H3 (existing: 19.4%, new: 19.4%)
2026-02-15 15:46:23,938 - WARNING - Duplicate found: Infineon_IKW30N60DTP (existing: 19.4%, new: 19.4%)
2026-02-15 15:46:23,938 - WARNING - Duplicate found: Infineon_IGW60T120 (existing: 19.4%, new: 19.4%)
2026-02-15 15:46:23,938 - WARNING - Duplicate found: Infineon_IKA08N65ET6 (existing: 19.4%, new: 19.4%)
2026-02-15 15:46:23,938 - WARNING - Duplicate found: Infineon_IKQ100N60T (existing: 19.4%, new: 19.4%)
2026-02-15 15:46:23,939 - WARNING - Duplicate found: Infineon_IGW40T120 (existing: 19.4%, new: 19.4%)
2026-02-15 15:46:23,939 - WARNING - Duplicate found: Infineon_IKB10N60T (existing: 19.4%, new: 19.4%)
2026-02-15 15:46:23,939 - WARNING - Duplicate found: Infineon_IKW20N60H3 (existing: 19.4%, new: 19.4%)
2026-02-15 15:46:23,939 - WARNING - Duplicate found: Infineon_IKB20N60TA (existing: 19.4%, new: 19.4%)
2026-02-15 15:46:23,940 - WARNING - Duplicate found: Infineon_IKA10N65ET6 (existing: 19.4%, new: 19.4%)
2026-02-15 15:46:23,940 - WARNING - Duplicate found: Infineon_IGW40N60TP (existing: 19.4%, new: 19.4%)
2026-02-15 15:46:23,940 - WARNING - Duplicate found: Infineon_IKFW90N60EH3 (existing: 19.4%, new: 19.4%)
2026-02-15 15:46:23,941 - WARNING - Duplicate found: Infineon_IKW40N65H5 (existing: 19.4%, new: 19.4%)
2026-02-15 15:46:23,941 - WARNING - Duplicate found: Infineon_IKW40N60DTP (existing: 19.4%, new: 19.4%)
2026-02-15 15:46:23,941 - WARNING - Duplicate found: Infineon_IKP20N60T (existing: 19.4%, new: 19.4%)
2026-02-15 15:46:23,941 - WARNING - Duplicate found: Infineon_IKW08T120 (existing: 19.4%, new: 19.4%)
2026-02-15 15:46:23,942 - WARNING - Duplicate found: Infineon_IKB06N60T (existing: 19.4%, new: 19.4%)
2026-02-15 15:46:23,942 - WARNING - Duplicate found: Infineon_IKW30N65ES5 (existing: 19.4%, new: 19.4%)
2026-02-15 15:46:23,942 - WARNING - Duplicate found: Infineon_IKFW60N60DH3E (existing: 19.4%, new: 19.4%)
2026-02-15 15:46:23,943 - WARNING - Duplicate found: Infineon_IGW75N60T (existing: 19.4%, new: 19.4%)
2026-02-15 15:46:23,943 - WARNING - Duplicate found: Infineon_IGW30N60TP (existing: 19.4%, new: 19.4%)
2026-02-15 15:46:23,943 - WARNING - Duplicate found: Infineon_IGW60N60H3 (existing: 19.4%, new: 19.4%)
2026-02-15 15:46:23,943 - WARNING - Duplicate found: Infineon_IKA06N60T (existing: 19.4%, new: 19.4%)
2026-02-15 15:46:23,944 - WARNING - Duplicate found: Infineon_IKW75N60TA (existing: 19.4%, new: 19.4%)
2026-02-15 15:46:23,944 - WARNING - Duplicate found: Infineon_IGW40N60H3 (existing: 19.4%, new: 19.4%)
2026-02-15 15:46:23,944 - WARNING - Duplicate found: Infineon_IKW08N65H5 (existing: 19.4%, new: 19.4%)
2026-02-15 15:46:23,944 - WARNING - Duplicate found: Infineon_IGW15T120 (existing: 19.4%, new: 19.4%)
2026-02-15 15:46:23,945 - WARNING - Duplicate found: Infineon_IGP30N60T (existing: 19.4%, new: 19.4%)
2026-02-15 15:46:23,945 - WARNING - Duplicate found: Infineon_IKW25N120H3 (existing: 19.4%, new: 19.4%)
2026-02-15 15:46:23,945 - WARNING - Duplicate found: Infineon_IGB30N60H3 (existing: 19.4%, new: 19.4%)
2026-02-15 15:46:23,946 - WARNING - Duplicate found: Infineon_IKW40T120 (existing: 19.4%, new: 19.4%)
2026-02-15 15:46:23,946 - WARNING - Duplicate found: Infineon_IKA15N65ET6 (existing: 19.4%, new: 19.4%)
2026-02-15 15:46:23,946 - WARNING - Duplicate found: Infineon_IGP06N60T (existing: 19.4%, new: 19.4%)
2026-02-15 15:46:23,947 - WARNING - Duplicate found: Infineon_IKP10N60T (existing: 19.4%, new: 19.4%)
2026-02-15 15:46:23,948 - WARNING - Duplicate found: GaN_Systems_GS66506T (existing: 19.4%, new: 19.4%)
2026-02-15 15:46:23,949 - INFO - Processed 300 files...
2026-02-15 15:46:23,952 - WARNING - Duplicate found: Wolfspeed_C3D20065D (existing: 19.4%, new: 19.4%)
2026-02-15 15:46:23,952 - WARNING - Duplicate found: Wolfspeed_C4D08120A (existing: 19.4%, new: 19.4%)
2026-02-15 15:46:23,953 - INFO - Processed 350 files...
2026-02-15 15:46:23,954 - ERROR - Error converting PLECS XML /home/tinix/claude_wsl/archive_ntbees2/sc/db/plecs/WS_Diodes/C4D05120A.xml: not well-formed (invalid token): line 1, column 1
2026-02-15 15:46:23,955 - ERROR - Failed to migrate /home/tinix/claude_wsl/archive_ntbees2/sc/db/plecs/WS_Diodes/C4D05120A.xml: Conversion returned None
2026-02-15 15:46:23,956 - WARNING - Duplicate found: Wolfspeed_C3M0280090D (existing: 19.4%, new: 19.4%)
2026-02-15 15:46:23,956 - WARNING - Duplicate found: Wolfspeed_C3M0120100K (existing: 19.4%, new: 19.4%)
2026-02-15 15:46:23,957 - WARNING - Duplicate found: Wolfspeed_C2M0025120D (existing: 19.4%, new: 19.4%)
2026-02-15 15:46:23,957 - WARNING - Duplicate found: Wolfspeed_C3M0075120J (existing: 19.4%, new: 19.4%)
2026-02-15 15:46:23,957 - WARNING - Duplicate found: Wolfspeed_E3M0280090D (existing: 19.4%, new: 19.4%)
2026-02-15 15:46:23,958 - WARNING - Duplicate found: Wolfspeed_C3M0021120K (existing: 19.4%, new: 19.4%)
2026-02-15 15:46:23,959 - WARNING - Duplicate found: Wolfspeed_C3M0065090D (existing: 19.4%, new: 19.4%)
2026-02-15 15:46:23,959 - WARNING - Duplicate found: Wolfspeed_C2M0080170P (existing: 19.4%, new: 19.4%)
2026-02-15 15:46:23,960 - WARNING - Duplicate found: Wolfspeed_C2M0045170P (existing: 19.4%, new: 19.4%)
2026-02-15 15:46:23,960 - WARNING - Duplicate found: Wolfspeed_C3M0075120D (existing: 19.4%, new: 19.4%)
2026-02-15 15:46:23,960 - WARNING - Duplicate found: Wolfspeed_C3M0280090J (existing: 19.4%, new: 19.4%)
2026-02-15 15:46:23,961 - WARNING - Duplicate found: Wolfspeed_C3M0120100J (existing: 19.4%, new: 19.4%)
2026-02-15 15:46:23,961 - WARNING - Duplicate found: Wolfspeed_E3M0120090D (existing: 19.4%, new: 19.4%)
2026-02-15 15:46:23,961 - WARNING - Duplicate found: Wolfspeed_E3M0065090D (existing: 19.4%, new: 19.4%)
2026-02-15 15:46:23,962 - WARNING - Duplicate found: Wolfspeed_C2M1000170D (existing: 19.4%, new: 19.4%)
2026-02-15 15:46:23,962 - WARNING - Duplicate found: Wolfspeed_C3M0016120K (existing: 19.4%, new: 19.4%)
2026-02-15 15:46:23,962 - WARNING - Duplicate found: Wolfspeed_C2M0080120D (existing: 19.4%, new: 19.4%)
2026-02-15 15:46:23,963 - WARNING - Duplicate found: Wolfspeed_C2M0025120D (existing: 19.4%, new: 19.4%)
2026-02-15 15:46:23,963 - INFO - Processed 400 files...
2026-02-15 15:46:23,963 - WARNING - Duplicate found: Wolfspeed_C3M0065100K (existing: 19.4%, new: 19.4%)
2026-02-15 15:46:23,963 - WARNING - Duplicate found: Wolfspeed_C3M0065090J (existing: 19.4%, new: 19.4%)
2026-02-15 15:46:23,964 - WARNING - Duplicate found: Wolfspeed_C3M0065100J (existing: 19.4%, new: 19.4%)
2026-02-15 15:46:23,964 - WARNING - Duplicate found: Wolfspeed_C2M0040120D (existing: 19.4%, new: 19.4%)
2026-02-15 15:46:23,964 - WARNING - Duplicate found: Wolfspeed_C3M0010090K (existing: 19.4%, new: 19.4%)
2026-02-15 15:46:23,964 - WARNING - Duplicate found: Wolfspeed_C3M0075120K (existing: 19.4%, new: 19.4%)
2026-02-15 15:46:23,965 - WARNING - Duplicate found: Wolfspeed_C3M0030090K (existing: 19.4%, new: 19.4%)
2026-02-15 15:46:23,965 - WARNING - Duplicate found: Wolfspeed_C2M0280120D (existing: 19.4%, new: 19.4%)
2026-02-15 15:46:23,965 - WARNING - Duplicate found: Wolfspeed_C2M0045170D (existing: 19.4%, new: 19.4%)
2026-02-15 15:46:23,966 - WARNING - Duplicate found: Wolfspeed_C3M0032120K (existing: 19.4%, new: 19.4%)
2026-02-15 15:46:23,966 - WARNING - Duplicate found: Wolfspeed_C2M1000170J (existing: 19.4%, new: 19.4%)
2026-02-15 15:46:23,966 - WARNING - Duplicate found: Wolfspeed_C3M0120090J (existing: 19.4%, new: 19.4%)
2026-02-15 15:46:23,967 - WARNING - Duplicate found: Wolfspeed_C3M0120090D (existing: 19.4%, new: 19.4%)
2026-02-15 15:46:23,967 - WARNING - Duplicate found: Wolfspeed_C2M0160120D (existing: 19.4%, new: 19.4%)
2026-02-15 15:46:23,968 - WARNING - Duplicate found: Wolfspeed_CCS020M12CM2 (existing: 19.4%, new: 19.4%)
2026-02-15 15:46:23,968 - WARNING - Duplicate found: Wolfspeed_CAS300M12BM2 (existing: 19.4%, new: 19.4%)
2026-02-15 15:46:23,968 - WARNING - Duplicate found: Wolfspeed_CAS300M17BM2 (existing: 19.4%, new: 19.4%)
2026-02-15 15:46:23,968 - WARNING - Duplicate found: Wolfspeed_CCS050M12CM2 (existing: 19.4%, new: 19.4%)
2026-02-15 15:46:23,969 - WARNING - Duplicate found: Wolfspeed_CAS120M12BM2 (existing: 19.4%, new: 19.4%)
2026-02-15 15:46:23,969 - WARNING - Duplicate found: Wolfspeed_C3D08065I (existing: 19.4%, new: 19.4%)
2026-02-15 15:46:23,970 - WARNING - Duplicate found: Wolfspeed_C3D04065A (existing: 19.4%, new: 19.4%)
2026-02-15 15:46:23,970 - WARNING - Duplicate found: Wolfspeed_C6D06065A (existing: 19.4%, new: 19.4%)
2026-02-15 15:46:23,970 - WARNING - Duplicate found: Wolfspeed_C4D30120D (existing: 19.4%, new: 19.4%)
2026-02-15 15:46:23,970 - WARNING - Duplicate found: Wolfspeed_C4D10120D (existing: 19.4%, new: 19.4%)
2026-02-15 15:46:23,971 - WARNING - Duplicate found: Wolfspeed_C4D20120A (existing: 19.4%, new: 19.4%)
2026-02-15 15:46:23,971 - WARNING - Duplicate found: Wolfspeed_C3D16060D (existing: 19.4%, new: 19.4%)
2026-02-15 15:46:23,971 - WARNING - Duplicate found: Wolfspeed_C3D08065A (existing: 19.4%, new: 19.4%)
2026-02-15 15:46:23,971 - WARNING - Duplicate found: Wolfspeed_C3D02060F (existing: 19.4%, new: 19.4%)
2026-02-15 15:46:23,971 - WARNING - Duplicate found: Wolfspeed_C4D15120A (existing: 19.4%, new: 19.4%)
2026-02-15 15:46:23,972 - WARNING - Duplicate found: Wolfspeed_C3D06060F (existing: 19.4%, new: 19.4%)
2026-02-15 15:46:23,972 - WARNING - Duplicate found: Wolfspeed_C3D06060G (existing: 19.4%, new: 19.4%)
2026-02-15 15:46:23,972 - WARNING - Duplicate found: Wolfspeed_C3D10060G (existing: 19.4%, new: 19.4%)
2026-02-15 15:46:23,972 - WARNING - Duplicate found: Wolfspeed_C4D02120A (existing: 19.4%, new: 19.4%)
2026-02-15 15:46:23,973 - WARNING - Duplicate found: Wolfspeed_C4D10120E (existing: 19.4%, new: 19.4%)
2026-02-15 15:46:23,973 - WARNING - Duplicate found: Wolfspeed_C5D10170H (existing: 19.4%, new: 19.4%)
2026-02-15 15:46:23,973 - WARNING - Duplicate found: Wolfspeed_C4D08120A (existing: 19.4%, new: 19.4%)
2026-02-15 15:46:23,974 - WARNING - Duplicate found: Wolfspeed_C3D10065E (existing: 19.4%, new: 19.4%)
2026-02-15 15:46:23,974 - WARNING - Duplicate found: Wolfspeed_C3D04060A (existing: 19.4%, new: 19.4%)
2026-02-15 15:46:23,974 - WARNING - Duplicate found: Wolfspeed_C5D25170H (existing: 19.4%, new: 19.4%)
2026-02-15 15:46:23,974 - WARNING - Duplicate found: Wolfspeed_C4D10120A (existing: 19.4%, new: 19.4%)
2026-02-15 15:46:23,975 - WARNING - Duplicate found: Wolfspeed_C4D10120H (existing: 19.4%, new: 19.4%)
2026-02-15 15:46:23,975 - WARNING - Duplicate found: Wolfspeed_C3D06065E (existing: 19.4%, new: 19.4%)
2026-02-15 15:46:23,975 - INFO - Processed 450 files...
2026-02-15 15:46:23,975 - WARNING - Duplicate found: Wolfspeed_C3D06060A (existing: 19.4%, new: 19.4%)
2026-02-15 15:46:23,976 - WARNING - Duplicate found: Wolfspeed_C3D02060E (existing: 19.4%, new: 19.4%)
2026-02-15 15:46:23,976 - WARNING - Duplicate found: Wolfspeed_C6D10065A (existing: 19.4%, new: 19.4%)
2026-02-15 15:46:23,976 - WARNING - Duplicate found: Wolfspeed_C4D02120E (existing: 19.4%, new: 19.4%)
2026-02-15 15:46:23,977 - WARNING - Duplicate found: Wolfspeed_C3D10065A (existing: 19.4%, new: 19.4%)
2026-02-15 15:46:23,977 - WARNING - Duplicate found: Wolfspeed_C3D02060A (existing: 19.4%, new: 19.4%)
2026-02-15 15:46:23,977 - WARNING - Duplicate found: Wolfspeed_C3D10060A (existing: 19.4%, new: 19.4%)
2026-02-15 15:46:23,977 - WARNING - Duplicate found: Wolfspeed_C3D20065D (existing: 19.4%, new: 19.4%)
2026-02-15 15:46:23,977 - WARNING - Duplicate found: Wolfspeed_C3D03060A (existing: 19.4%, new: 19.4%)
2026-02-15 15:46:23,978 - WARNING - Duplicate found: Wolfspeed_C3D04060F (existing: 19.4%, new: 19.4%)
2026-02-15 15:46:23,978 - WARNING - Duplicate found: Wolfspeed_C3D06065I (existing: 19.4%, new: 19.4%)
2026-02-15 15:46:23,978 - WARNING - Duplicate found: Wolfspeed_C3D10065I (existing: 19.4%, new: 19.4%)
2026-02-15 15:46:23,978 - WARNING - Duplicate found: Wolfspeed_C3D04060E (existing: 19.4%, new: 19.4%)
2026-02-15 15:46:23,979 - WARNING - Duplicate found: Wolfspeed_C6D08065A (existing: 19.4%, new: 19.4%)
2026-02-15 15:46:23,979 - WARNING - Duplicate found: Wolfspeed_E4D10120A (existing: 19.4%, new: 19.4%)
2026-02-15 15:46:23,979 - WARNING - Duplicate found: Wolfspeed_C3D08060G (existing: 19.4%, new: 19.4%)
2026-02-15 15:46:23,979 - WARNING - Duplicate found: Wolfspeed_CSD01060E (existing: 19.4%, new: 19.4%)
2026-02-15 15:46:23,979 - WARNING - Duplicate found: Wolfspeed_C3D20065D (existing: 19.4%, new: 19.4%)
2026-02-15 15:46:23,980 - WARNING - Duplicate found: Wolfspeed_C3D08060A (existing: 19.4%, new: 19.4%)
2026-02-15 15:46:23,980 - WARNING - Duplicate found: Wolfspeed_CVFD20065A (existing: 19.4%, new: 19.4%)
2026-02-15 15:46:23,980 - WARNING - Duplicate found: Wolfspeed_C4D08120A (existing: 19.4%, new: 19.4%)
2026-02-15 15:46:23,981 - WARNING - Duplicate found: Wolfspeed_C3D03060E (existing: 19.4%, new: 19.4%)
2026-02-15 15:46:23,981 - WARNING - Duplicate found: Wolfspeed_C4D20120D (existing: 19.4%, new: 19.4%)
2026-02-15 15:46:23,981 - WARNING - Duplicate found: Wolfspeed_C3D02065E (existing: 19.4%, new: 19.4%)
2026-02-15 15:46:23,981 - WARNING - Duplicate found: Wolfspeed_C3D03065E (existing: 19.4%, new: 19.4%)
2026-02-15 15:46:23,982 - WARNING - Duplicate found: Wolfspeed_C3D08065E (existing: 19.4%, new: 19.4%)
2026-02-15 15:46:23,982 - WARNING - Duplicate found: Wolfspeed_C4D15120H (existing: 19.4%, new: 19.4%)
2026-02-15 15:46:23,982 - WARNING - Duplicate found: Wolfspeed_C4D40120D (existing: 19.4%, new: 19.4%)
2026-02-15 15:46:23,983 - WARNING - Duplicate found: Wolfspeed_C4D05120E (existing: 19.4%, new: 19.4%)
2026-02-15 15:46:23,983 - WARNING - Duplicate found: Wolfspeed_CSD01060A (existing: 19.4%, new: 19.4%)
2026-02-15 15:46:23,983 - WARNING - Duplicate found: Wolfspeed_C3D25170H (existing: 19.4%, new: 19.4%)
2026-02-15 15:46:23,983 - WARNING - Duplicate found: Wolfspeed_C3D16065D (existing: 19.4%, new: 19.4%)
2026-02-15 15:46:23,984 - WARNING - Duplicate found: Wolfspeed_C4D20120H (existing: 19.4%, new: 19.4%)
2026-02-15 15:46:23,984 - WARNING - Duplicate found: Wolfspeed_C3D10170H (existing: 19.4%, new: 19.4%)
2026-02-15 15:46:23,984 - WARNING - Duplicate found: Wolfspeed_C3D04065E (existing: 19.4%, new: 19.4%)
2026-02-15 15:46:23,984 - WARNING - Duplicate found: Wolfspeed_C3D06065A (existing: 19.4%, new: 19.4%)
2026-02-15 15:46:23,985 - WARNING - Duplicate found: Wolfspeed_C5D05170H (existing: 19.4%, new: 19.4%)
2026-02-15 15:46:23,985 - ERROR - Error converting PLECS XML /home/tinix/claude_wsl/archive_ntbees2/sc/data/cree_plecs/Diodes_PLECS/C4D05120A.xml: not well-formed (invalid token): line 1, column 1
2026-02-15 15:46:23,985 - ERROR - Failed to migrate /home/tinix/claude_wsl/archive_ntbees2/sc/data/cree_plecs/Diodes_PLECS/C4D05120A.xml: Conversion returned None
2026-02-15 15:46:23,986 - WARNING - Duplicate found: Wolfspeed_C3D03060F (existing: 19.4%, new: 19.4%)
2026-02-15 15:46:23,986 - WARNING - Duplicate found: Wolfspeed_E3M0065090D (existing: 19.4%, new: 19.4%)
2026-02-15 15:46:23,986 - WARNING - Duplicate found: Wolfspeed_C3M0280090D (existing: 19.4%, new: 19.4%)
2026-02-15 15:46:23,987 - WARNING - Duplicate found: Wolfspeed_C3M0021120K (existing: 19.4%, new: 19.4%)
2026-02-15 15:46:23,987 - WARNING - Duplicate found: Wolfspeed_C3M0120100K (existing: 19.4%, new: 19.4%)
2026-02-15 15:46:23,987 - WARNING - Duplicate found: Wolfspeed_C3M0075120D (existing: 19.4%, new: 19.4%)
2026-02-15 15:46:23,988 - WARNING - Duplicate found: Wolfspeed_C2M0025120D (existing: 19.4%, new: 19.4%)
2026-02-15 15:46:23,988 - WARNING - Duplicate found: Wolfspeed_C3M0120100J (existing: 19.4%, new: 19.4%)
2026-02-15 15:46:23,988 - WARNING - Duplicate found: Wolfspeed_C3M0075120J (existing: 19.4%, new: 19.4%)
2026-02-15 15:46:23,989 - WARNING - Duplicate found: Wolfspeed_C3M0065090D (existing: 19.4%, new: 19.4%)
2026-02-15 15:46:23,989 - WARNING - Duplicate found: Wolfspeed_C3M0016120K (existing: 19.4%, new: 19.4%)
2026-02-15 15:46:23,989 - WARNING - Duplicate found: Wolfspeed_C3M0280090D (existing: 19.4%, new: 19.4%)
2026-02-15 15:46:23,989 - INFO - Processed 500 files...
2026-02-15 15:46:23,990 - WARNING - Duplicate found: Wolfspeed_C3M0120100K (existing: 19.4%, new: 19.4%)
2026-02-15 15:46:23,990 - WARNING - Duplicate found: Wolfspeed_C3M0065100J (existing: 19.4%, new: 19.4%)
2026-02-15 15:46:23,991 - WARNING - Duplicate found: Wolfspeed_E3M0280090D (existing: 19.4%, new: 19.4%)
2026-02-15 15:46:23,991 - WARNING - Duplicate found: Wolfspeed_C3M0065100K (existing: 19.4%, new: 19.4%)
2026-02-15 15:46:23,991 - WARNING - Duplicate found: Wolfspeed_C2M0025120D (existing: 19.4%, new: 19.4%)
2026-02-15 15:46:23,991 - WARNING - Duplicate found: Wolfspeed_C2M1000170D (existing: 19.4%, new: 19.4%)
2026-02-15 15:46:23,992 - WARNING - Duplicate found: Wolfspeed_C3M0075120J (existing: 19.4%, new: 19.4%)
2026-02-15 15:46:23,992 - WARNING - Duplicate found: Wolfspeed_E3M0280090D (existing: 19.4%, new: 19.4%)
2026-02-15 15:46:23,992 - WARNING - Duplicate found: Wolfspeed_C2M0080170P (existing: 19.4%, new: 19.4%)
2026-02-15 15:46:23,992 - WARNING - Duplicate found: Wolfspeed_C3M0021120K (existing: 19.4%, new: 19.4%)
2026-02-15 15:46:23,993 - WARNING - Duplicate found: Wolfspeed_C3M0032120K (existing: 19.4%, new: 19.4%)
2026-02-15 15:46:23,993 - WARNING - Duplicate found: Wolfspeed_C2M0040120D (existing: 19.4%, new: 19.4%)
2026-02-15 15:46:23,993 - WARNING - Duplicate found: Wolfspeed_C3M0280090J (existing: 19.4%, new: 19.4%)
2026-02-15 15:46:23,993 - WARNING - Duplicate found: Wolfspeed_C3M0065090D (existing: 19.4%, new: 19.4%)
2026-02-15 15:46:23,994 - WARNING - Duplicate found: Wolfspeed_C2M0045170P (existing: 19.4%, new: 19.4%)
2026-02-15 15:46:23,994 - WARNING - Duplicate found: Wolfspeed_C3M0065090J (existing: 19.4%, new: 19.4%)
2026-02-15 15:46:23,994 - WARNING - Duplicate found: Wolfspeed_C2M0080170P (existing: 19.4%, new: 19.4%)
2026-02-15 15:46:23,994 - WARNING - Duplicate found: Wolfspeed_C2M1000170J (existing: 19.4%, new: 19.4%)
2026-02-15 15:46:23,995 - WARNING - Duplicate found: Wolfspeed_E3M0120090D (existing: 19.4%, new: 19.4%)
2026-02-15 15:46:23,995 - WARNING - Duplicate found: Wolfspeed_C2M0045170P (existing: 19.4%, new: 19.4%)
2026-02-15 15:46:23,995 - WARNING - Duplicate found: Wolfspeed_C3M0075120D (existing: 19.4%, new: 19.4%)
2026-02-15 15:46:23,995 - WARNING - Duplicate found: Wolfspeed_C3M0280090J (existing: 19.4%, new: 19.4%)
2026-02-15 15:46:23,996 - WARNING - Duplicate found: Wolfspeed_C3M0120100J (existing: 19.4%, new: 19.4%)
2026-02-15 15:46:23,996 - WARNING - Duplicate found: Wolfspeed_E3M0120090D (existing: 19.4%, new: 19.4%)
2026-02-15 15:46:23,996 - WARNING - Duplicate found: Wolfspeed_E3M0065090D (existing: 19.4%, new: 19.4%)
2026-02-15 15:46:23,996 - WARNING - Duplicate found: Wolfspeed_C3M0075120K (existing: 19.4%, new: 19.4%)
2026-02-15 15:46:23,997 - WARNING - Duplicate found: Wolfspeed_C2M0045170D (existing: 19.4%, new: 19.4%)
2026-02-15 15:46:23,997 - WARNING - Duplicate found: Wolfspeed_C2M1000170D (existing: 19.4%, new: 19.4%)
2026-02-15 15:46:23,997 - WARNING - Duplicate found: Wolfspeed_C3M0016120K (existing: 19.4%, new: 19.4%)
2026-02-15 15:46:23,998 - WARNING - Duplicate found: Wolfspeed_C3M0010090K (existing: 19.4%, new: 19.4%)
2026-02-15 15:46:23,998 - WARNING - Duplicate found: Wolfspeed_C3M0030090K (existing: 19.4%, new: 19.4%)
2026-02-15 15:46:23,998 - WARNING - Duplicate found: Wolfspeed_C2M0160120D (existing: 19.4%, new: 19.4%)
2026-02-15 15:46:23,998 - WARNING - Duplicate found: Wolfspeed_C2M0080120D (existing: 19.4%, new: 19.4%)
2026-02-15 15:46:23,999 - WARNING - Duplicate found: Wolfspeed_C3M0065100K (existing: 19.4%, new: 19.4%)
2026-02-15 15:46:23,999 - WARNING - Duplicate found: Wolfspeed_C3M0065090J (existing: 19.4%, new: 19.4%)
2026-02-15 15:46:23,999 - WARNING - Duplicate found: Wolfspeed_C3M0065100J (existing: 19.4%, new: 19.4%)
2026-02-15 15:46:24,000 - WARNING - Duplicate found: Wolfspeed_C2M0040120D (existing: 19.4%, new: 19.4%)
2026-02-15 15:46:24,000 - WARNING - Duplicate found: Wolfspeed_C3M0010090K (existing: 19.4%, new: 19.4%)
2026-02-15 15:46:24,000 - WARNING - Duplicate found: Wolfspeed_C3M0075120K (existing: 19.4%, new: 19.4%)
2026-02-15 15:46:24,000 - WARNING - Duplicate found: Wolfspeed_C3M0030090K (existing: 19.4%, new: 19.4%)
2026-02-15 15:46:24,000 - WARNING - Duplicate found: Wolfspeed_C2M0280120D (existing: 19.4%, new: 19.4%)
2026-02-15 15:46:24,001 - WARNING - Duplicate found: Wolfspeed_C2M0280120D (existing: 19.4%, new: 19.4%)
2026-02-15 15:46:24,001 - WARNING - Duplicate found: Wolfspeed_C3M0120090J (existing: 19.4%, new: 19.4%)
2026-02-15 15:46:24,001 - WARNING - Duplicate found: Wolfspeed_C2M0045170D (existing: 19.4%, new: 19.4%)
2026-02-15 15:46:24,002 - WARNING - Duplicate found: Wolfspeed_C3M0032120K (existing: 19.4%, new: 19.4%)
2026-02-15 15:46:24,002 - WARNING - Duplicate found: Wolfspeed_C3M0120090D (existing: 19.4%, new: 19.4%)
2026-02-15 15:46:24,002 - WARNING - Duplicate found: Wolfspeed_C2M1000170J (existing: 19.4%, new: 19.4%)
2026-02-15 15:46:24,002 - WARNING - Duplicate found: Wolfspeed_C3M0120090J (existing: 19.4%, new: 19.4%)
2026-02-15 15:46:24,003 - WARNING - Duplicate found: Wolfspeed_C3M0120090D (existing: 19.4%, new: 19.4%)
2026-02-15 15:46:24,003 - WARNING - Duplicate found: Wolfspeed_C2M0160120D (existing: 19.4%, new: 19.4%)
2026-02-15 15:46:24,003 - INFO - Processed 550 files...
2026-02-15 15:46:24,003 - WARNING - Duplicate found: Wolfspeed_CAS300M12BM2 (existing: 19.4%, new: 19.4%)
2026-02-15 15:46:24,003 - WARNING - Duplicate found: Wolfspeed_CCS020M12CM2 (existing: 19.4%, new: 19.4%)
2026-02-15 15:46:24,004 - WARNING - Duplicate found: Wolfspeed_CAS120M12BM2 (existing: 19.4%, new: 19.4%)
2026-02-15 15:46:24,004 - WARNING - Duplicate found: Wolfspeed_CCS020M12CM2 (existing: 19.4%, new: 19.4%)
2026-02-15 15:46:24,004 - WARNING - Duplicate found: Wolfspeed_CAS300M12BM2 (existing: 19.4%, new: 19.4%)
2026-02-15 15:46:24,004 - WARNING - Duplicate found: Wolfspeed_CCS050M12CM2 (existing: 19.4%, new: 19.4%)
2026-02-15 15:46:24,005 - WARNING - Duplicate found: Wolfspeed_CAS300M17BM2 (existing: 19.4%, new: 19.4%)
2026-02-15 15:46:24,005 - WARNING - Duplicate found: Wolfspeed_CAS300M17BM2 (existing: 19.4%, new: 19.4%)
2026-02-15 15:46:24,005 - WARNING - Duplicate found: Wolfspeed_CCS050M12CM2 (existing: 19.4%, new: 19.4%)
2026-02-15 15:46:24,005 - WARNING - Duplicate found: Wolfspeed_CAS120M12BM2 (existing: 19.4%, new: 19.4%)
2026-02-15 15:46:24,006 - INFO - Completed directory: 560 files processed
2026-02-15 15:46:31,930 - INFO - Found 0 existing transistors
2026-02-15 15:46:31,930 - INFO - 
============================================================
2026-02-15 15:46:31,930 - INFO - Processing source: /home/tinix/claude_wsl/transistordatabase/database
2026-02-15 15:46:31,930 - INFO - ============================================================
2026-02-15 15:46:32,179 - INFO - Completed directory: 24 files processed
2026-02-15 15:46:32,179 - INFO - 
============================================================
2026-02-15 15:46:32,179 - INFO - Processing source: /home/tinix/claude_wsl/file_exchange
2026-02-15 15:46:32,179 - INFO - ============================================================
2026-02-15 15:46:32,181 - WARNING - Duplicate found: Infineon_IPBE65R050CFD7A (existing: 45.2%, new: 45.2%)
2026-02-15 15:46:32,201 - WARNING - Duplicate found: Infineon_IPW65R090CFD7 (existing: 45.2%, new: 45.2%)
2026-02-15 15:46:32,202 - WARNING - Duplicate found: Fuji_2MBI100XAA120-50 (existing: 48.4%, new: 48.4%)
2026-02-15 15:46:32,203 - WARNING - Duplicate found: Mitsubishi_CM200DY-24T (existing: 48.4%, new: 48.4%)
2026-02-15 15:46:32,203 - WARNING - Duplicate found: Infineon_FF300R12KE3 (existing: 35.5%, new: 35.5%)
2026-02-15 15:46:32,203 - WARNING - Duplicate found: Infineon_FF200R12KE3 (existing: 38.7%, new: 38.7%)
2026-02-15 15:46:32,204 - WARNING - Duplicate found: Semikron_SKM400GB12T4 (existing: 38.7%, new: 38.7%)
2026-02-15 15:46:32,204 - WARNING - Duplicate found: Fuji_2MBI300XBE120-50 (existing: 48.4%, new: 48.4%)
2026-02-15 15:46:32,205 - WARNING - Duplicate found: Fuji_2MBI200XBE120-50 (existing: 48.4%, new: 48.4%)
2026-02-15 15:46:32,206 - WARNING - Duplicate found: Fuji_2MBI600XEE065-50 (existing: 48.4%, new: 48.4%)
2026-02-15 15:46:32,206 - WARNING - Duplicate found: Fuji_2MBI400U2B-060 (existing: 48.4%, new: 48.4%)
2026-02-15 15:46:32,207 - WARNING - Duplicate found: Fuji_2MBI300XBE065-50 (existing: 48.4%, new: 48.4%)
2026-02-15 15:46:32,208 - WARNING - Duplicate found: Fuji_2MBI200XAA065-50 (existing: 48.4%, new: 48.4%)
2026-02-15 15:46:32,208 - WARNING - Duplicate found: Fuji_2MBI400XBE065-50 (existing: 48.4%, new: 48.4%)
2026-02-15 15:46:32,209 - WARNING - Duplicate found: CREE_C3M0016120K (existing: 45.2%, new: 45.2%)
2026-02-15 15:46:32,209 - WARNING - Duplicate found: CREE_CAB530M12BM3 (existing: 45.2%, new: 45.2%)
2026-02-15 15:46:32,210 - WARNING - Duplicate found: CREE_WAB300M12BM3 (existing: 45.2%, new: 45.2%)
2026-02-15 15:46:32,215 - WARNING - Duplicate found: CREE_C3M0120065J (existing: 45.2%, new: 45.2%)
2026-02-15 15:46:32,215 - WARNING - Duplicate found: UnitedSiC_UF3SC065007K4S (existing: 45.2%, new: 45.2%)
2026-02-15 15:46:32,313 - WARNING - Duplicate found: ROHMSemiconductor_SCT3120AW7 (existing: 45.2%, new: 45.2%)
2026-02-15 15:46:32,314 - WARNING - Duplicate found: Rohm_SCT3060AW7 (existing: 45.2%, new: 45.2%)
2026-02-15 15:46:32,314 - WARNING - Duplicate found: CREE_C3M0065100J (existing: 45.2%, new: 45.2%)
2026-02-15 15:46:32,315 - WARNING - Duplicate found: CREE_C3M0120100J (existing: 45.2%, new: 45.2%)
2026-02-15 15:46:32,329 - WARNING - Duplicate found: GaNSystems_GS66506T (existing: 45.2%, new: 45.2%)
2026-02-15 15:46:32,329 - INFO - Completed directory: 49 files processed
2026-02-15 15:46:32,329 - INFO - 
============================================================
2026-02-15 15:46:32,329 - INFO - Processing source: /home/tinix/claude_wsl/archive_ntbees2/sc
2026-02-15 15:46:32,330 - INFO - ============================================================
2026-02-15 15:46:32,331 - INFO - Processed 50 files...
2026-02-15 15:46:32,341 - WARNING - Duplicate found: Eloss_DoublePulseTester_EPC8009_sync (existing: 32.3%, new: 32.3%)
2026-02-15 15:46:32,347 - WARNING - Duplicate found: C2M0080120D_idvgs25 (existing: 19.4%, new: 19.4%)
2026-02-15 15:46:32,357 - WARNING - Duplicate found: Infineon_IGB20N60H3 (existing: 19.4%, new: 19.4%)
2026-02-15 15:46:32,361 - WARNING - Duplicate found: Infineon_IGA30N60H3 (existing: 19.4%, new: 19.4%)
2026-02-15 15:46:32,362 - WARNING - Duplicate found: Infineon_IKW50N60DTP (existing: 19.4%, new: 19.4%)
2026-02-15 15:46:32,362 - WARNING - Duplicate found: Infineon_IKP20N60TA (existing: 19.4%, new: 19.4%)
2026-02-15 15:46:32,363 - WARNING - Duplicate found: Infineon_IKW20N60TA (existing: 19.4%, new: 19.4%)
2026-02-15 15:46:32,366 - WARNING - Duplicate found: Infineon_IKW15N120H3 (existing: 19.4%, new: 19.4%)
2026-02-15 15:46:32,366 - INFO - Processed 100 files...
2026-02-15 15:46:32,367 - WARNING - Duplicate found: Infineon_IKW30N60TA (existing: 19.4%, new: 19.4%)
2026-02-15 15:46:32,370 - WARNING - Duplicate found: Infineon_IGP10N60T (existing: 19.4%, new: 19.4%)
2026-02-15 15:46:32,374 - WARNING - Duplicate found: Infineon_IGB30N60T (existing: 19.4%, new: 19.4%)
2026-02-15 15:46:32,375 - WARNING - Duplicate found: Infineon_IGW100N60H3 (existing: 19.4%, new: 19.4%)
2026-02-15 15:46:32,376 - WARNING - Duplicate found: Infineon_IGP20N60H3 (existing: 19.4%, new: 19.4%)
2026-02-15 15:46:32,376 - WARNING - Duplicate found: Infineon_IGP50N60T (existing: 19.4%, new: 19.4%)
2026-02-15 15:46:32,377 - WARNING - Duplicate found: Infineon_IKW50N65H5 (existing: 19.4%, new: 19.4%)
2026-02-15 15:46:32,378 - WARNING - Duplicate found: Infineon_IKW50N60TA (existing: 19.4%, new: 19.4%)
2026-02-15 15:46:32,378 - WARNING - Duplicate found: Infineon_IGW25N120H3 (existing: 19.4%, new: 19.4%)
2026-02-15 15:46:32,379 - WARNING - Duplicate found: Infineon_IKW75N60T (existing: 19.4%, new: 19.4%)
2026-02-15 15:46:32,379 - WARNING - Duplicate found: Infineon_IKP04N60T (existing: 19.4%, new: 19.4%)
2026-02-15 15:46:32,379 - WARNING - Duplicate found: Infineon_IGW25N120H3 (existing: 19.4%, new: 19.4%)
2026-02-15 15:46:32,382 - WARNING - Duplicate found: Infineon_IGW50N60T (existing: 19.4%, new: 19.4%)
2026-02-15 15:46:32,383 - WARNING - Duplicate found: Infineon_IGW30N60T (existing: 19.4%, new: 19.4%)
2026-02-15 15:46:32,383 - INFO - Processed 150 files...
2026-02-15 15:46:32,384 - WARNING - Duplicate found: Infineon_IKQ50N120CH3 (existing: 19.4%, new: 19.4%)
2026-02-15 15:46:32,384 - WARNING - Duplicate found: Infineon_IKP20N60H3 (existing: 19.4%, new: 19.4%)
2026-02-15 15:46:32,386 - WARNING - Duplicate found: Infineon_IKW60N60H3 (existing: 19.4%, new: 19.4%)
2026-02-15 15:46:32,386 - WARNING - Duplicate found: Infineon_IKFW50N60DH3E (existing: 19.4%, new: 19.4%)
2026-02-15 15:46:32,390 - WARNING - Duplicate found: Infineon_IKFW40N60DH3E (existing: 19.4%, new: 19.4%)
2026-02-15 15:46:32,390 - WARNING - Duplicate found: Infineon_IKB15N60T (existing: 19.4%, new: 19.4%)
2026-02-15 15:46:32,390 - WARNING - Duplicate found: Infineon_IKW25N120T2 (existing: 19.4%, new: 19.4%)
2026-02-15 15:46:32,391 - WARNING - Duplicate found: Infineon_IKW75N60H3 (existing: 19.4%, new: 19.4%)
2026-02-15 15:46:32,391 - WARNING - Duplicate found: Infineon_IKW15N120T2 (existing: 19.4%, new: 19.4%)
2026-02-15 15:46:32,392 - WARNING - Duplicate found: Infineon_IKD03N60RF (existing: 19.4%, new: 19.4%)
2026-02-15 15:46:32,392 - WARNING - Duplicate found: Infineon_IGW50N60TP (existing: 19.4%, new: 19.4%)
2026-02-15 15:46:32,392 - WARNING - Duplicate found: Infineon_IGW50N60H3 (existing: 19.4%, new: 19.4%)
2026-02-15 15:46:32,393 - WARNING - Duplicate found: Infineon_IGU04N60T (existing: 19.4%, new: 19.4%)
2026-02-15 15:46:32,393 - WARNING - Duplicate found: Infineon_IKW50N60H3 (existing: 19.4%, new: 19.4%)
2026-02-15 15:46:32,393 - WARNING - Duplicate found: Infineon_IKB20N60T (existing: 19.4%, new: 19.4%)
2026-02-15 15:46:32,393 - WARNING - Duplicate found: Infineon_IKW15T120 (existing: 19.4%, new: 19.4%)
2026-02-15 15:46:32,394 - WARNING - Duplicate found: Infineon_IKFW50N60DH3 (existing: 19.4%, new: 19.4%)
2026-02-15 15:46:32,394 - WARNING - Duplicate found: Infineon_IKB40N65ES5 (existing: 19.4%, new: 19.4%)
2026-02-15 15:46:32,395 - WARNING - Duplicate found: Infineon_IGW08T120 (existing: 19.4%, new: 19.4%)
2026-02-15 15:46:32,396 - WARNING - Duplicate found: Infineon_IKW40N120H3 (existing: 19.4%, new: 19.4%)
2026-02-15 15:46:32,396 - WARNING - Duplicate found: Infineon_IKQ40N120CH3 (existing: 19.4%, new: 19.4%)
2026-02-15 15:46:32,396 - WARNING - Duplicate found: Infineon_IGW75N60H3 (existing: 19.4%, new: 19.4%)
2026-02-15 15:46:32,396 - WARNING - Duplicate found: Infineon_IGW25N120H3 (existing: 19.4%, new: 19.4%)
2026-02-15 15:46:32,396 - WARNING - Duplicate found: Infineon_IKFW75N60ET (existing: 19.4%, new: 19.4%)
2026-02-15 15:46:32,397 - INFO - Processed 200 files...
2026-02-15 15:46:32,397 - WARNING - Duplicate found: Infineon_IKW15T120 (existing: 19.4%, new: 19.4%)
2026-02-15 15:46:32,397 - WARNING - Duplicate found: Infineon_IKQ75N120CT2 (existing: 19.4%, new: 19.4%)
2026-02-15 15:46:32,397 - WARNING - Duplicate found: Infineon_IGD06N60T (existing: 19.4%, new: 19.4%)
2026-02-15 15:46:32,398 - WARNING - Duplicate found: Infineon_IKW40N65ES5 (existing: 19.4%, new: 19.4%)
2026-02-15 15:46:32,398 - WARNING - Duplicate found: Infineon_IGP30N60H3 (existing: 19.4%, new: 19.4%)
2026-02-15 15:46:32,400 - WARNING - Duplicate found: Infineon_IGW30N60H3 (existing: 19.4%, new: 19.4%)
2026-02-15 15:46:32,400 - WARNING - Duplicate found: Infineon_IKQ40N120CT2 (existing: 19.4%, new: 19.4%)
2026-02-15 15:46:32,401 - WARNING - Duplicate found: Infineon_IGW25T120 (existing: 19.4%, new: 19.4%)
2026-02-15 15:46:32,401 - WARNING - Duplicate found: Infineon_IKP15N60T (existing: 19.4%, new: 19.4%)
2026-02-15 15:46:32,401 - WARNING - Duplicate found: Infineon_IKA10N60T (existing: 19.4%, new: 19.4%)
2026-02-15 15:46:32,402 - WARNING - Duplicate found: Infineon_IKW40N120T2_v2 (existing: 19.4%, new: 19.4%)
2026-02-15 15:46:32,402 - WARNING - Duplicate found: Infineon_IGW15N120H3 (existing: 19.4%, new: 19.4%)
2026-02-15 15:46:32,402 - WARNING - Duplicate found: Infineon_IKW50N60T (existing: 19.4%, new: 19.4%)
2026-02-15 15:46:32,403 - WARNING - Duplicate found: Infineon_IGB15N60T (existing: 19.4%, new: 19.4%)
2026-02-15 15:46:32,403 - WARNING - Duplicate found: Infineon_IKW40N120T2 (existing: 19.4%, new: 19.4%)
2026-02-15 15:46:32,403 - WARNING - Duplicate found: Infineon_IKY75N120CH3 (existing: 19.4%, new: 19.4%)
2026-02-15 15:46:32,404 - WARNING - Duplicate found: Infineon_IKW30N60T (existing: 19.4%, new: 19.4%)
2026-02-15 15:46:32,404 - WARNING - Duplicate found: Infineon_IKW15N65H5 (existing: 19.4%, new: 19.4%)
2026-02-15 15:46:32,405 - WARNING - Duplicate found: Infineon_IKW20N60T (existing: 19.4%, new: 19.4%)
2026-02-15 15:46:32,406 - WARNING - Duplicate found: Infineon_IGB50N60T (existing: 19.4%, new: 19.4%)
2026-02-15 15:46:32,406 - WARNING - Duplicate found: Infineon_IKU04N60T (existing: 19.4%, new: 19.4%)
2026-02-15 15:46:32,406 - WARNING - Duplicate found: Infineon_IKB30N65ES5 (existing: 19.4%, new: 19.4%)
2026-02-15 15:46:32,407 - WARNING - Duplicate found: Infineon_IKQ50N120CT2 (existing: 19.4%, new: 19.4%)
2026-02-15 15:46:32,407 - WARNING - Duplicate found: Infineon_IKFW60N60EH3 (existing: 19.4%, new: 19.4%)
2026-02-15 15:46:32,407 - WARNING - Duplicate found: Infineon_IKB20N60H3 (existing: 19.4%, new: 19.4%)
2026-02-15 15:46:32,407 - WARNING - Duplicate found: Infineon_IKQ120N60T (existing: 19.4%, new: 19.4%)
2026-02-15 15:46:32,408 - WARNING - Duplicate found: Infineon_IKY50N120CH3 (existing: 19.4%, new: 19.4%)
2026-02-15 15:46:32,408 - WARNING - Duplicate found: Infineon_IGB10N60T (existing: 19.4%, new: 19.4%)
2026-02-15 15:46:32,408 - WARNING - Duplicate found: Infineon_IKA15N60T (existing: 19.4%, new: 19.4%)
2026-02-15 15:46:32,408 - WARNING - Duplicate found: Infineon_IKFW50N60ET (existing: 19.4%, new: 19.4%)
2026-02-15 15:46:32,409 - WARNING - Duplicate found: Infineon_IKP06N60T (existing: 19.4%, new: 19.4%)
2026-02-15 15:46:32,409 - WARNING - Duplicate found: Infineon_IKY40N120CH3 (existing: 19.4%, new: 19.4%)
2026-02-15 15:46:32,410 - WARNING - Duplicate found: Infineon_IKQ75N120CH3 (existing: 19.4%, new: 19.4%)
2026-02-15 15:46:32,410 - WARNING - Duplicate found: Infineon_IKW40N60H3 (existing: 19.4%, new: 19.4%)
2026-02-15 15:46:32,410 - WARNING - Duplicate found: Infineon_IKI04N60T (existing: 19.4%, new: 19.4%)
2026-02-15 15:46:32,410 - WARNING - Duplicate found: Infineon_IGW20N60H3 (existing: 19.4%, new: 19.4%)
2026-02-15 15:46:32,411 - WARNING - Duplicate found: Infineon_IGP15N60T (existing: 19.4%, new: 19.4%)
2026-02-15 15:46:32,411 - INFO - Processed 250 files...
2026-02-15 15:46:32,411 - WARNING - Duplicate found: Infineon_IKW30N60H3 (existing: 19.4%, new: 19.4%)
2026-02-15 15:46:32,411 - WARNING - Duplicate found: Infineon_IKW30N60DTP (existing: 19.4%, new: 19.4%)
2026-02-15 15:46:32,411 - WARNING - Duplicate found: Infineon_IGW60T120 (existing: 19.4%, new: 19.4%)
2026-02-15 15:46:32,412 - WARNING - Duplicate found: Infineon_IKA08N65ET6 (existing: 19.4%, new: 19.4%)
2026-02-15 15:46:32,412 - WARNING - Duplicate found: Infineon_IKQ100N60T (existing: 19.4%, new: 19.4%)
2026-02-15 15:46:32,412 - WARNING - Duplicate found: Infineon_IGW40T120 (existing: 19.4%, new: 19.4%)
2026-02-15 15:46:32,412 - WARNING - Duplicate found: Infineon_IKB10N60T (existing: 19.4%, new: 19.4%)
2026-02-15 15:46:32,413 - WARNING - Duplicate found: Infineon_IKW20N60H3 (existing: 19.4%, new: 19.4%)
2026-02-15 15:46:32,413 - WARNING - Duplicate found: Infineon_IKB20N60TA (existing: 19.4%, new: 19.4%)
2026-02-15 15:46:32,413 - WARNING - Duplicate found: Infineon_IKA10N65ET6 (existing: 19.4%, new: 19.4%)
2026-02-15 15:46:32,413 - WARNING - Duplicate found: Infineon_IGW40N60TP (existing: 19.4%, new: 19.4%)
2026-02-15 15:46:32,414 - WARNING - Duplicate found: Infineon_IKFW90N60EH3 (existing: 19.4%, new: 19.4%)
2026-02-15 15:46:32,414 - WARNING - Duplicate found: Infineon_IKW40N65H5 (existing: 19.4%, new: 19.4%)
2026-02-15 15:46:32,414 - WARNING - Duplicate found: Infineon_IKW40N60DTP (existing: 19.4%, new: 19.4%)
2026-02-15 15:46:32,414 - WARNING - Duplicate found: Infineon_IKP20N60T (existing: 19.4%, new: 19.4%)
2026-02-15 15:46:32,415 - WARNING - Duplicate found: Infineon_IKW08T120 (existing: 19.4%, new: 19.4%)
2026-02-15 15:46:32,415 - WARNING - Duplicate found: Infineon_IKB06N60T (existing: 19.4%, new: 19.4%)
2026-02-15 15:46:32,415 - WARNING - Duplicate found: Infineon_IKW30N65ES5 (existing: 19.4%, new: 19.4%)
2026-02-15 15:46:32,416 - WARNING - Duplicate found: Infineon_IKFW60N60DH3E (existing: 19.4%, new: 19.4%)
2026-02-15 15:46:32,416 - WARNING - Duplicate found: Infineon_IGW75N60T (existing: 19.4%, new: 19.4%)
2026-02-15 15:46:32,416 - WARNING - Duplicate found: Infineon_IGW30N60TP (existing: 19.4%, new: 19.4%)
2026-02-15 15:46:32,416 - WARNING - Duplicate found: Infineon_IGW60N60H3 (existing: 19.4%, new: 19.4%)
2026-02-15 15:46:32,416 - WARNING - Duplicate found: Infineon_IKA06N60T (existing: 19.4%, new: 19.4%)
2026-02-15 15:46:32,417 - WARNING - Duplicate found: Infineon_IKW75N60TA (existing: 19.4%, new: 19.4%)
2026-02-15 15:46:32,417 - WARNING - Duplicate found: Infineon_IGW40N60H3 (existing: 19.4%, new: 19.4%)
2026-02-15 15:46:32,418 - WARNING - Duplicate found: Infineon_IKW08N65H5 (existing: 19.4%, new: 19.4%)
2026-02-15 15:46:32,418 - WARNING - Duplicate found: Infineon_IGW15T120 (existing: 19.4%, new: 19.4%)
2026-02-15 15:46:32,418 - WARNING - Duplicate found: Infineon_IGP30N60T (existing: 19.4%, new: 19.4%)
2026-02-15 15:46:32,419 - WARNING - Duplicate found: Infineon_IKW25N120H3 (existing: 19.4%, new: 19.4%)
2026-02-15 15:46:32,419 - WARNING - Duplicate found: Infineon_IGB30N60H3 (existing: 19.4%, new: 19.4%)
2026-02-15 15:46:32,420 - WARNING - Duplicate found: Infineon_IKW40T120 (existing: 19.4%, new: 19.4%)
2026-02-15 15:46:32,420 - WARNING - Duplicate found: Infineon_IKA15N65ET6 (existing: 19.4%, new: 19.4%)
2026-02-15 15:46:32,420 - WARNING - Duplicate found: Infineon_IGP06N60T (existing: 19.4%, new: 19.4%)
2026-02-15 15:46:32,420 - WARNING - Duplicate found: Infineon_IKP10N60T (existing: 19.4%, new: 19.4%)
2026-02-15 15:46:32,423 - WARNING - Duplicate found: GaN_Systems_GS66506T (existing: 19.4%, new: 19.4%)
2026-02-15 15:46:32,426 - INFO - Processed 300 files...
2026-02-15 15:46:32,437 - WARNING - Duplicate found: Wolfspeed_C3D20065D (existing: 19.4%, new: 19.4%)
2026-02-15 15:46:32,438 - WARNING - Duplicate found: Wolfspeed_C4D08120A (existing: 19.4%, new: 19.4%)
2026-02-15 15:46:32,443 - INFO - Processed 350 files...
2026-02-15 15:46:32,444 - ERROR - Error converting PLECS XML /home/tinix/claude_wsl/archive_ntbees2/sc/db/plecs/WS_Diodes/C4D05120A.xml: not well-formed (invalid token): line 1, column 1
2026-02-15 15:46:32,444 - ERROR - Failed to migrate /home/tinix/claude_wsl/archive_ntbees2/sc/db/plecs/WS_Diodes/C4D05120A.xml: Conversion returned None
2026-02-15 15:46:32,449 - WARNING - Duplicate found: Wolfspeed_C3M0280090D (existing: 19.4%, new: 19.4%)
2026-02-15 15:46:32,449 - WARNING - Duplicate found: Wolfspeed_C3M0120100K (existing: 19.4%, new: 19.4%)
2026-02-15 15:46:32,451 - WARNING - Duplicate found: Wolfspeed_C2M0025120D (existing: 19.4%, new: 19.4%)
2026-02-15 15:46:32,451 - WARNING - Duplicate found: Wolfspeed_C3M0075120J (existing: 19.4%, new: 19.4%)
2026-02-15 15:46:32,451 - WARNING - Duplicate found: Wolfspeed_E3M0280090D (existing: 19.4%, new: 19.4%)
2026-02-15 15:46:32,452 - WARNING - Duplicate found: Wolfspeed_C3M0021120K (existing: 19.4%, new: 19.4%)
2026-02-15 15:46:32,453 - WARNING - Duplicate found: Wolfspeed_C3M0065090D (existing: 19.4%, new: 19.4%)
2026-02-15 15:46:32,454 - WARNING - Duplicate found: Wolfspeed_C2M0080170P (existing: 19.4%, new: 19.4%)
2026-02-15 15:46:32,455 - WARNING - Duplicate found: Wolfspeed_C2M0045170P (existing: 19.4%, new: 19.4%)
2026-02-15 15:46:32,455 - WARNING - Duplicate found: Wolfspeed_C3M0075120D (existing: 19.4%, new: 19.4%)
2026-02-15 15:46:32,456 - WARNING - Duplicate found: Wolfspeed_C3M0280090J (existing: 19.4%, new: 19.4%)
2026-02-15 15:46:32,456 - WARNING - Duplicate found: Wolfspeed_C3M0120100J (existing: 19.4%, new: 19.4%)
2026-02-15 15:46:32,457 - WARNING - Duplicate found: Wolfspeed_E3M0120090D (existing: 19.4%, new: 19.4%)
2026-02-15 15:46:32,457 - WARNING - Duplicate found: Wolfspeed_E3M0065090D (existing: 19.4%, new: 19.4%)
2026-02-15 15:46:32,458 - WARNING - Duplicate found: Wolfspeed_C2M1000170D (existing: 19.4%, new: 19.4%)
2026-02-15 15:46:32,458 - WARNING - Duplicate found: Wolfspeed_C3M0016120K (existing: 19.4%, new: 19.4%)
2026-02-15 15:46:32,459 - WARNING - Duplicate found: Wolfspeed_C2M0080120D (existing: 19.4%, new: 19.4%)
2026-02-15 15:46:32,459 - WARNING - Duplicate found: Wolfspeed_C2M0025120D (existing: 19.4%, new: 19.4%)
2026-02-15 15:46:32,459 - INFO - Processed 400 files...
2026-02-15 15:46:32,460 - WARNING - Duplicate found: Wolfspeed_C3M0065100K (existing: 19.4%, new: 19.4%)
2026-02-15 15:46:32,460 - WARNING - Duplicate found: Wolfspeed_C3M0065090J (existing: 19.4%, new: 19.4%)
2026-02-15 15:46:32,460 - WARNING - Duplicate found: Wolfspeed_C3M0065100J (existing: 19.4%, new: 19.4%)
2026-02-15 15:46:32,460 - WARNING - Duplicate found: Wolfspeed_C2M0040120D (existing: 19.4%, new: 19.4%)
2026-02-15 15:46:32,461 - WARNING - Duplicate found: Wolfspeed_C3M0010090K (existing: 19.4%, new: 19.4%)
2026-02-15 15:46:32,461 - WARNING - Duplicate found: Wolfspeed_C3M0075120K (existing: 19.4%, new: 19.4%)
2026-02-15 15:46:32,461 - WARNING - Duplicate found: Wolfspeed_C3M0030090K (existing: 19.4%, new: 19.4%)
2026-02-15 15:46:32,462 - WARNING - Duplicate found: Wolfspeed_C2M0280120D (existing: 19.4%, new: 19.4%)
2026-02-15 15:46:32,462 - WARNING - Duplicate found: Wolfspeed_C2M0045170D (existing: 19.4%, new: 19.4%)
2026-02-15 15:46:32,463 - WARNING - Duplicate found: Wolfspeed_C3M0032120K (existing: 19.4%, new: 19.4%)
2026-02-15 15:46:32,463 - WARNING - Duplicate found: Wolfspeed_C2M1000170J (existing: 19.4%, new: 19.4%)
2026-02-15 15:46:32,463 - WARNING - Duplicate found: Wolfspeed_C3M0120090J (existing: 19.4%, new: 19.4%)
2026-02-15 15:46:32,464 - WARNING - Duplicate found: Wolfspeed_C3M0120090D (existing: 19.4%, new: 19.4%)
2026-02-15 15:46:32,464 - WARNING - Duplicate found: Wolfspeed_C2M0160120D (existing: 19.4%, new: 19.4%)
2026-02-15 15:46:32,465 - WARNING - Duplicate found: Wolfspeed_CCS020M12CM2 (existing: 19.4%, new: 19.4%)
2026-02-15 15:46:32,465 - WARNING - Duplicate found: Wolfspeed_CAS300M12BM2 (existing: 19.4%, new: 19.4%)
2026-02-15 15:46:32,466 - WARNING - Duplicate found: Wolfspeed_CAS300M17BM2 (existing: 19.4%, new: 19.4%)
2026-02-15 15:46:32,466 - WARNING - Duplicate found: Wolfspeed_CCS050M12CM2 (existing: 19.4%, new: 19.4%)
2026-02-15 15:46:32,467 - WARNING - Duplicate found: Wolfspeed_CAS120M12BM2 (existing: 19.4%, new: 19.4%)
2026-02-15 15:46:32,467 - WARNING - Duplicate found: Wolfspeed_C3D08065I (existing: 19.4%, new: 19.4%)
2026-02-15 15:46:32,468 - WARNING - Duplicate found: Wolfspeed_C3D04065A (existing: 19.4%, new: 19.4%)
2026-02-15 15:46:32,468 - WARNING - Duplicate found: Wolfspeed_C6D06065A (existing: 19.4%, new: 19.4%)
2026-02-15 15:46:32,468 - WARNING - Duplicate found: Wolfspeed_C4D30120D (existing: 19.4%, new: 19.4%)
2026-02-15 15:46:32,468 - WARNING - Duplicate found: Wolfspeed_C4D10120D (existing: 19.4%, new: 19.4%)
2026-02-15 15:46:32,468 - WARNING - Duplicate found: Wolfspeed_C4D20120A (existing: 19.4%, new: 19.4%)
2026-02-15 15:46:32,469 - WARNING - Duplicate found: Wolfspeed_C3D16060D (existing: 19.4%, new: 19.4%)
2026-02-15 15:46:32,469 - WARNING - Duplicate found: Wolfspeed_C3D08065A (existing: 19.4%, new: 19.4%)
2026-02-15 15:46:32,469 - WARNING - Duplicate found: Wolfspeed_C3D02060F (existing: 19.4%, new: 19.4%)
2026-02-15 15:46:32,469 - WARNING - Duplicate found: Wolfspeed_C4D15120A (existing: 19.4%, new: 19.4%)
2026-02-15 15:46:32,470 - WARNING - Duplicate found: Wolfspeed_C3D06060F (existing: 19.4%, new: 19.4%)
2026-02-15 15:46:32,470 - WARNING - Duplicate found: Wolfspeed_C3D06060G (existing: 19.4%, new: 19.4%)
2026-02-15 15:46:32,470 - WARNING - Duplicate found: Wolfspeed_C3D10060G (existing: 19.4%, new: 19.4%)
2026-02-15 15:46:32,470 - WARNING - Duplicate found: Wolfspeed_C4D02120A (existing: 19.4%, new: 19.4%)
2026-02-15 15:46:32,471 - WARNING - Duplicate found: Wolfspeed_C4D10120E (existing: 19.4%, new: 19.4%)
2026-02-15 15:46:32,471 - WARNING - Duplicate found: Wolfspeed_C5D10170H (existing: 19.4%, new: 19.4%)
2026-02-15 15:46:32,471 - WARNING - Duplicate found: Wolfspeed_C4D08120A (existing: 19.4%, new: 19.4%)
2026-02-15 15:46:32,471 - WARNING - Duplicate found: Wolfspeed_C3D10065E (existing: 19.4%, new: 19.4%)
2026-02-15 15:46:32,472 - WARNING - Duplicate found: Wolfspeed_C3D04060A (existing: 19.4%, new: 19.4%)
2026-02-15 15:46:32,472 - WARNING - Duplicate found: Wolfspeed_C5D25170H (existing: 19.4%, new: 19.4%)
2026-02-15 15:46:32,472 - WARNING - Duplicate found: Wolfspeed_C4D10120A (existing: 19.4%, new: 19.4%)
2026-02-15 15:46:32,472 - WARNING - Duplicate found: Wolfspeed_C4D10120H (existing: 19.4%, new: 19.4%)
2026-02-15 15:46:32,473 - WARNING - Duplicate found: Wolfspeed_C3D06065E (existing: 19.4%, new: 19.4%)
2026-02-15 15:46:32,473 - INFO - Processed 450 files...
2026-02-15 15:46:32,473 - WARNING - Duplicate found: Wolfspeed_C3D06060A (existing: 19.4%, new: 19.4%)
2026-02-15 15:46:32,473 - WARNING - Duplicate found: Wolfspeed_C3D02060E (existing: 19.4%, new: 19.4%)
2026-02-15 15:46:32,473 - WARNING - Duplicate found: Wolfspeed_C6D10065A (existing: 19.4%, new: 19.4%)
2026-02-15 15:46:32,474 - WARNING - Duplicate found: Wolfspeed_C4D02120E (existing: 19.4%, new: 19.4%)
2026-02-15 15:46:32,474 - WARNING - Duplicate found: Wolfspeed_C3D10065A (existing: 19.4%, new: 19.4%)
2026-02-15 15:46:32,474 - WARNING - Duplicate found: Wolfspeed_C3D02060A (existing: 19.4%, new: 19.4%)
2026-02-15 15:46:32,474 - WARNING - Duplicate found: Wolfspeed_C3D10060A (existing: 19.4%, new: 19.4%)
2026-02-15 15:46:32,475 - WARNING - Duplicate found: Wolfspeed_C3D20065D (existing: 19.4%, new: 19.4%)
2026-02-15 15:46:32,475 - WARNING - Duplicate found: Wolfspeed_C3D03060A (existing: 19.4%, new: 19.4%)
2026-02-15 15:46:32,475 - WARNING - Duplicate found: Wolfspeed_C3D04060F (existing: 19.4%, new: 19.4%)
2026-02-15 15:46:32,475 - WARNING - Duplicate found: Wolfspeed_C3D06065I (existing: 19.4%, new: 19.4%)
2026-02-15 15:46:32,475 - WARNING - Duplicate found: Wolfspeed_C3D10065I (existing: 19.4%, new: 19.4%)
2026-02-15 15:46:32,476 - WARNING - Duplicate found: Wolfspeed_C3D04060E (existing: 19.4%, new: 19.4%)
2026-02-15 15:46:32,476 - WARNING - Duplicate found: Wolfspeed_C6D08065A (existing: 19.4%, new: 19.4%)
2026-02-15 15:46:32,476 - WARNING - Duplicate found: Wolfspeed_E4D10120A (existing: 19.4%, new: 19.4%)
2026-02-15 15:46:32,476 - WARNING - Duplicate found: Wolfspeed_C3D08060G (existing: 19.4%, new: 19.4%)
2026-02-15 15:46:32,477 - WARNING - Duplicate found: Wolfspeed_CSD01060E (existing: 19.4%, new: 19.4%)
2026-02-15 15:46:32,477 - WARNING - Duplicate found: Wolfspeed_C3D20065D (existing: 19.4%, new: 19.4%)
2026-02-15 15:46:32,477 - WARNING - Duplicate found: Wolfspeed_C3D08060A (existing: 19.4%, new: 19.4%)
2026-02-15 15:46:32,477 - WARNING - Duplicate found: Wolfspeed_CVFD20065A (existing: 19.4%, new: 19.4%)
2026-02-15 15:46:32,478 - WARNING - Duplicate found: Wolfspeed_C4D08120A (existing: 19.4%, new: 19.4%)
2026-02-15 15:46:32,478 - WARNING - Duplicate found: Wolfspeed_C3D03060E (existing: 19.4%, new: 19.4%)
2026-02-15 15:46:32,478 - WARNING - Duplicate found: Wolfspeed_C4D20120D (existing: 19.4%, new: 19.4%)
2026-02-15 15:46:32,478 - WARNING - Duplicate found: Wolfspeed_C3D02065E (existing: 19.4%, new: 19.4%)
2026-02-15 15:46:32,479 - WARNING - Duplicate found: Wolfspeed_C3D03065E (existing: 19.4%, new: 19.4%)
2026-02-15 15:46:32,479 - WARNING - Duplicate found: Wolfspeed_C3D08065E (existing: 19.4%, new: 19.4%)
2026-02-15 15:46:32,479 - WARNING - Duplicate found: Wolfspeed_C4D15120H (existing: 19.4%, new: 19.4%)
2026-02-15 15:46:32,479 - WARNING - Duplicate found: Wolfspeed_C4D40120D (existing: 19.4%, new: 19.4%)
2026-02-15 15:46:32,479 - WARNING - Duplicate found: Wolfspeed_C4D05120E (existing: 19.4%, new: 19.4%)
2026-02-15 15:46:32,480 - WARNING - Duplicate found: Wolfspeed_CSD01060A (existing: 19.4%, new: 19.4%)
2026-02-15 15:46:32,480 - WARNING - Duplicate found: Wolfspeed_C3D25170H (existing: 19.4%, new: 19.4%)
2026-02-15 15:46:32,480 - WARNING - Duplicate found: Wolfspeed_C3D16065D (existing: 19.4%, new: 19.4%)
2026-02-15 15:46:32,480 - WARNING - Duplicate found: Wolfspeed_C4D20120H (existing: 19.4%, new: 19.4%)
2026-02-15 15:46:32,481 - WARNING - Duplicate found: Wolfspeed_C3D10170H (existing: 19.4%, new: 19.4%)
2026-02-15 15:46:32,481 - WARNING - Duplicate found: Wolfspeed_C3D04065E (existing: 19.4%, new: 19.4%)
2026-02-15 15:46:32,481 - WARNING - Duplicate found: Wolfspeed_C3D06065A (existing: 19.4%, new: 19.4%)
2026-02-15 15:46:32,481 - WARNING - Duplicate found: Wolfspeed_C5D05170H (existing: 19.4%, new: 19.4%)
2026-02-15 15:46:32,481 - ERROR - Error converting PLECS XML /home/tinix/claude_wsl/archive_ntbees2/sc/data/cree_plecs/Diodes_PLECS/C4D05120A.xml: not well-formed (invalid token): line 1, column 1
2026-02-15 15:46:32,482 - ERROR - Failed to migrate /home/tinix/claude_wsl/archive_ntbees2/sc/data/cree_plecs/Diodes_PLECS/C4D05120A.xml: Conversion returned None
2026-02-15 15:46:32,482 - WARNING - Duplicate found: Wolfspeed_C3D03060F (existing: 19.4%, new: 19.4%)
2026-02-15 15:46:32,483 - WARNING - Duplicate found: Wolfspeed_E3M0065090D (existing: 19.4%, new: 19.4%)
2026-02-15 15:46:32,483 - WARNING - Duplicate found: Wolfspeed_C3M0280090D (existing: 19.4%, new: 19.4%)
2026-02-15 15:46:32,483 - WARNING - Duplicate found: Wolfspeed_C3M0021120K (existing: 19.4%, new: 19.4%)
2026-02-15 15:46:32,483 - WARNING - Duplicate found: Wolfspeed_C3M0120100K (existing: 19.4%, new: 19.4%)
2026-02-15 15:46:32,484 - WARNING - Duplicate found: Wolfspeed_C3M0075120D (existing: 19.4%, new: 19.4%)
2026-02-15 15:46:32,484 - WARNING - Duplicate found: Wolfspeed_C2M0025120D (existing: 19.4%, new: 19.4%)
2026-02-15 15:46:32,484 - WARNING - Duplicate found: Wolfspeed_C3M0120100J (existing: 19.4%, new: 19.4%)
2026-02-15 15:46:32,484 - WARNING - Duplicate found: Wolfspeed_C3M0075120J (existing: 19.4%, new: 19.4%)
2026-02-15 15:46:32,485 - WARNING - Duplicate found: Wolfspeed_C3M0065090D (existing: 19.4%, new: 19.4%)
2026-02-15 15:46:32,485 - WARNING - Duplicate found: Wolfspeed_C3M0016120K (existing: 19.4%, new: 19.4%)
2026-02-15 15:46:32,485 - WARNING - Duplicate found: Wolfspeed_C3M0280090D (existing: 19.4%, new: 19.4%)
2026-02-15 15:46:32,485 - INFO - Processed 500 files...
2026-02-15 15:46:32,485 - WARNING - Duplicate found: Wolfspeed_C3M0120100K (existing: 19.4%, new: 19.4%)
2026-02-15 15:46:32,486 - WARNING - Duplicate found: Wolfspeed_C3M0065100J (existing: 19.4%, new: 19.4%)
2026-02-15 15:46:32,486 - WARNING - Duplicate found: Wolfspeed_E3M0280090D (existing: 19.4%, new: 19.4%)
2026-02-15 15:46:32,486 - WARNING - Duplicate found: Wolfspeed_C3M0065100K (existing: 19.4%, new: 19.4%)
2026-02-15 15:46:32,487 - WARNING - Duplicate found: Wolfspeed_C2M0025120D (existing: 19.4%, new: 19.4%)
2026-02-15 15:46:32,487 - WARNING - Duplicate found: Wolfspeed_C2M1000170D (existing: 19.4%, new: 19.4%)
2026-02-15 15:46:32,487 - WARNING - Duplicate found: Wolfspeed_C3M0075120J (existing: 19.4%, new: 19.4%)
2026-02-15 15:46:32,487 - WARNING - Duplicate found: Wolfspeed_E3M0280090D (existing: 19.4%, new: 19.4%)
2026-02-15 15:46:32,488 - WARNING - Duplicate found: Wolfspeed_C2M0080170P (existing: 19.4%, new: 19.4%)
2026-02-15 15:46:32,488 - WARNING - Duplicate found: Wolfspeed_C3M0021120K (existing: 19.4%, new: 19.4%)
2026-02-15 15:46:32,488 - WARNING - Duplicate found: Wolfspeed_C3M0032120K (existing: 19.4%, new: 19.4%)
2026-02-15 15:46:32,488 - WARNING - Duplicate found: Wolfspeed_C2M0040120D (existing: 19.4%, new: 19.4%)
2026-02-15 15:46:32,489 - WARNING - Duplicate found: Wolfspeed_C3M0280090J (existing: 19.4%, new: 19.4%)
2026-02-15 15:46:32,489 - WARNING - Duplicate found: Wolfspeed_C3M0065090D (existing: 19.4%, new: 19.4%)
2026-02-15 15:46:32,489 - WARNING - Duplicate found: Wolfspeed_C2M0045170P (existing: 19.4%, new: 19.4%)
2026-02-15 15:46:32,489 - WARNING - Duplicate found: Wolfspeed_C3M0065090J (existing: 19.4%, new: 19.4%)
2026-02-15 15:46:32,490 - WARNING - Duplicate found: Wolfspeed_C2M0080170P (existing: 19.4%, new: 19.4%)
2026-02-15 15:46:32,490 - WARNING - Duplicate found: Wolfspeed_C2M1000170J (existing: 19.4%, new: 19.4%)
2026-02-15 15:46:32,490 - WARNING - Duplicate found: Wolfspeed_E3M0120090D (existing: 19.4%, new: 19.4%)
2026-02-15 15:46:32,490 - WARNING - Duplicate found: Wolfspeed_C2M0045170P (existing: 19.4%, new: 19.4%)
2026-02-15 15:46:32,491 - WARNING - Duplicate found: Wolfspeed_C3M0075120D (existing: 19.4%, new: 19.4%)
2026-02-15 15:46:32,491 - WARNING - Duplicate found: Wolfspeed_C3M0280090J (existing: 19.4%, new: 19.4%)
2026-02-15 15:46:32,491 - WARNING - Duplicate found: Wolfspeed_C3M0120100J (existing: 19.4%, new: 19.4%)
2026-02-15 15:46:32,491 - WARNING - Duplicate found: Wolfspeed_E3M0120090D (existing: 19.4%, new: 19.4%)
2026-02-15 15:46:32,491 - WARNING - Duplicate found: Wolfspeed_E3M0065090D (existing: 19.4%, new: 19.4%)
2026-02-15 15:46:32,492 - WARNING - Duplicate found: Wolfspeed_C3M0075120K (existing: 19.4%, new: 19.4%)
2026-02-15 15:46:32,492 - WARNING - Duplicate found: Wolfspeed_C2M0045170D (existing: 19.4%, new: 19.4%)
2026-02-15 15:46:32,492 - WARNING - Duplicate found: Wolfspeed_C2M1000170D (existing: 19.4%, new: 19.4%)
2026-02-15 15:46:32,492 - WARNING - Duplicate found: Wolfspeed_C3M0016120K (existing: 19.4%, new: 19.4%)
2026-02-15 15:46:32,493 - WARNING - Duplicate found: Wolfspeed_C3M0010090K (existing: 19.4%, new: 19.4%)
2026-02-15 15:46:32,493 - WARNING - Duplicate found: Wolfspeed_C3M0030090K (existing: 19.4%, new: 19.4%)
2026-02-15 15:46:32,493 - WARNING - Duplicate found: Wolfspeed_C2M0160120D (existing: 19.4%, new: 19.4%)
2026-02-15 15:46:32,493 - WARNING - Duplicate found: Wolfspeed_C2M0080120D (existing: 19.4%, new: 19.4%)
2026-02-15 15:46:30,750 - WARNING - Duplicate found: Wolfspeed_C3M0065100K (existing: 19.4%, new: 19.4%)
2026-02-15 15:46:30,750 - WARNING - Duplicate found: Wolfspeed_C3M0065090J (existing: 19.4%, new: 19.4%)
2026-02-15 15:46:30,751 - WARNING - Duplicate found: Wolfspeed_C3M0065100J (existing: 19.4%, new: 19.4%)
2026-02-15 15:46:30,751 - WARNING - Duplicate found: Wolfspeed_C2M0040120D (existing: 19.4%, new: 19.4%)
2026-02-15 15:46:30,751 - WARNING - Duplicate found: Wolfspeed_C3M0010090K (existing: 19.4%, new: 19.4%)
2026-02-15 15:46:30,751 - WARNING - Duplicate found: Wolfspeed_C3M0075120K (existing: 19.4%, new: 19.4%)
2026-02-15 15:46:30,752 - WARNING - Duplicate found: Wolfspeed_C3M0030090K (existing: 19.4%, new: 19.4%)
2026-02-15 15:46:30,752 - WARNING - Duplicate found: Wolfspeed_C2M0280120D (existing: 19.4%, new: 19.4%)
2026-02-15 15:46:30,752 - WARNING - Duplicate found: Wolfspeed_C2M0280120D (existing: 19.4%, new: 19.4%)
2026-02-15 15:46:30,753 - WARNING - Duplicate found: Wolfspeed_C3M0120090J (existing: 19.4%, new: 19.4%)
2026-02-15 15:46:30,753 - WARNING - Duplicate found: Wolfspeed_C2M0045170D (existing: 19.4%, new: 19.4%)
2026-02-15 15:46:30,753 - WARNING - Duplicate found: Wolfspeed_C3M0032120K (existing: 19.4%, new: 19.4%)
2026-02-15 15:46:30,753 - WARNING - Duplicate found: Wolfspeed_C3M0120090D (existing: 19.4%, new: 19.4%)
2026-02-15 15:46:30,754 - WARNING - Duplicate found: Wolfspeed_C2M1000170J (existing: 19.4%, new: 19.4%)
2026-02-15 15:46:30,754 - WARNING - Duplicate found: Wolfspeed_C3M0120090J (existing: 19.4%, new: 19.4%)
2026-02-15 15:46:30,754 - WARNING - Duplicate found: Wolfspeed_C3M0120090D (existing: 19.4%, new: 19.4%)
2026-02-15 15:46:30,754 - WARNING - Duplicate found: Wolfspeed_C2M0160120D (existing: 19.4%, new: 19.4%)
2026-02-15 15:46:30,754 - INFO - Processed 550 files...
2026-02-15 15:46:30,755 - WARNING - Duplicate found: Wolfspeed_CAS300M12BM2 (existing: 19.4%, new: 19.4%)
2026-02-15 15:46:30,755 - WARNING - Duplicate found: Wolfspeed_CCS020M12CM2 (existing: 19.4%, new: 19.4%)
2026-02-15 15:46:30,755 - WARNING - Duplicate found: Wolfspeed_CAS120M12BM2 (existing: 19.4%, new: 19.4%)
2026-02-15 15:46:30,755 - WARNING - Duplicate found: Wolfspeed_CCS020M12CM2 (existing: 19.4%, new: 19.4%)
2026-02-15 15:46:30,756 - WARNING - Duplicate found: Wolfspeed_CAS300M12BM2 (existing: 19.4%, new: 19.4%)
2026-02-15 15:46:30,756 - WARNING - Duplicate found: Wolfspeed_CCS050M12CM2 (existing: 19.4%, new: 19.4%)
2026-02-15 15:46:30,756 - WARNING - Duplicate found: Wolfspeed_CAS300M17BM2 (existing: 19.4%, new: 19.4%)
2026-02-15 15:46:30,756 - WARNING - Duplicate found: Wolfspeed_CAS300M17BM2 (existing: 19.4%, new: 19.4%)
2026-02-15 15:46:30,757 - WARNING - Duplicate found: Wolfspeed_CCS050M12CM2 (existing: 19.4%, new: 19.4%)
2026-02-15 15:46:30,757 - WARNING - Duplicate found: Wolfspeed_CAS120M12BM2 (existing: 19.4%, new: 19.4%)
2026-02-15 15:46:30,757 - INFO - Completed directory: 560 files processed
